hanzi_id,pinyin_id
1,1162
2,70
3,473
4,992
5,1523
6,121
7,833
8,962
9,1039
10,1240
11,1434
12,40
13,21
14,1515
15,341
16,1417
17,9
17,418
18,14
19,414
20,363
21,308
22,669
23,974
24,31
25,1019
26,70
27,557
28,962
29,921
30,986
31,1076
32,1486
33,465
34,621
35,1063
36,713
37,70
38,1264
39,1062
40,360
41,1291
42,950
43,66
44,117
45,696
46,203
47,1280
48,904
49,59
50,1003
50,1062
51,382
52,1104
53,294
54,1410
55,1452
56,914
57,1202
58,487
59,1288
60,669
61,1480
62,552
63,930
64,154
7052,142
65,23
66,915
1022,1416
7195,144
67,390
68,627
69,38
1562,464
2093,76
2547,76
70,441
80,219
5839,1302
7237,432
78,1059
1470,1402
1564,1073
1900,1080
86,1304
87,1033
111,1147
5885,884
90,445
91,209
95,1152
730,478
690,147
541,1392
3490,129
3844,1294
5814,131
131,740
138,36
491,971
135,679
4004,161
137,1304
3515,102
2120,1220
124,976
6217,153
600,448
448,154
5853,195
144,103
649,1302
147,1075
178,964
712,1042
192,402
1344,1359
265,634
702,1043
316,755
1110,799
2457,1145
4424,1444
166,1347
592,968
316,756
657,166
1556,952
6092,991
193,693
1717,154
2277,1128
2207,225
6831,1068
1765,85
6786,691
1120,1377
2972,98
3178,1156
3274,86
4044,410
2290,961
2890,56
5390,724
664,215
1139,826
6854,529
447,674
1303,398
331,1203
76,1484
997,485
356,1444
628,910
400,946
428,147
1890,393
1368,1303
5791,722
6358,1261
452,768
464,1377
489,1182
510,412
2499,461
515,1016
514,377
3034,879
3554,1312
6516,1003
5897,936
515,1019
3623,104
752,1069
4059,811
5002,977
1579,977
4640,1104
6726,1063
537,822
6390,1002
547,1188
6266,559
606,647
3073,82
6212,41
630,1225
651,1002
6756,691
162,66
1304,506
667,804
6197,523
1092,925
6166,365
1864,75
6028,1403
708,365
1742,1201
2047,480
1870,121
718,832
740,1224
4872,236
830,60
1513,443
3059,996
719,774
4929,576
720,986
5747,910
747,524
751,535
1920,843
792,1156
797,131
803,903
5811,625
804,343
973,101
2986,792
5669,1052
6701,68
842,271
4553,895
6530,798
844,894
4793,34
5968,995
862,835
6640,577
77,1278
745,437
892,1203
810,885
906,136
4136,1147
3846,1296
533,1150
1115,539
133,718
4539,1387
810,884
3346,993
7231,887
3464,935
1202,462
1220,1201
4344,828
1224,843
1226,473
1232,537
1241,1215
2702,1336
1264,191
1791,1066
1293,853
1715,40
5983,1410
1294,1052
2476,1314
6991,969
1298,468
6638,948
1998,1027
4065,328
3584,175
6780,714
3071,1329
2522,1389
531,415
2563,117
1306,390
1364,993
1311,1301
1965,890
1327,495
2144,1528
2487,680
2517,941
1473,829
5674,950
1475,1401
3234,656
1712,1185
2309,502
3348,709
5226,632
1736,1301
6390,966
1721,966
4677,1405
6714,464
5636,172
5907,194
1494,1098
2624,927
5670,61
370,943
104,1163
5774,1332
1545,1293
1552,1471
434,788
2486,452
3617,610
2392,1473
6291,219
514,380
6697,1142
1600,1124
6083,1291
2152,1308
1606,1448
1612,1272
1527,1355
5392,905
1714,940
6877,382
6836,1331
1738,1053
1127,428
1740,402
6011,714
6218,801
1762,593
5705,941
140,142
2531,1260
6110,1376
1090,1502
1483,941
2636,993
5606,179
5408,1286
1934,223
145,970
4697,1297
1780,457
2043,149
1823,1304
202,380
1842,483
2233,1149
6834,1028
546,1003
4049,1148
1878,730
1880,971
1897,418
2031,41
3850,83
896,595
1484,773
5573,1086
2093,73
306,986
446,1046
5853,219
2137,1125
2143,369
1809,519
619,172
6151,166
6236,1135
2157,396
2175,941
6625,1201
2179,156
1342,880
1595,1303
1587,600
4550,941
2182,1166
2989,1501
4078,50
7265,189
3213,504
6617,61
630,1305
6632,805
6551,1528
2186,1136
3010,461
2197,340
676,939
743,884
2271,1493
2281,226
2288,485
4341,975
4377,971
2292,542
450,698
2295,983
2321,924
2387,211
2400,80
444,1361
2405,938
3169,448
2421,1150
2446,638
2454,737
2459,775
6137,1136
2464,162
1232,534
2481,134
343,1148
748,341
2484,164
2500,368
6796,330
2504,234
2513,1410
2519,1354
4287,1033
6908,1434
2569,1215
6737,45
5617,665
2520,406
2546,1085
2529,1302
2559,1277
6769,1268
3791,142
161,675
2596,286
1535,871
2607,286
2616,763
2625,126
2634,122
1163,69
6722,941
2635,1131
2635,1206
1470,1400
4981,1215
2639,356
6751,565
2448,1147
2642,182
2978,1145
4612,969
74,118
528,666
2665,177
4762,763
2666,446
2673,165
2686,1147
3714,455
4284,1096
2716,1164
2407,1027
2732,759
4416,966
4007,420
5512,290
5428,1118
2649,740
6209,968
2765,511
5965,1407
6223,415
7287,702
2629,391
603,104
2779,797
2157,397
2839,738
2861,1258
6828,68
2862,1007
95,1154
2889,354
2956,1454
509,871
704,88
1943,1088
4308,1220
4685,1404
186,393
2980,219
4936,958
674,71
5980,1040
231,131
4001,422
1737,1051
3032,306
2213,155
798,883
3062,55
3067,406
4200,485
3071,1327
3103,980
6742,1452
6736,1091
3150,211
3186,228
4879,904
5700,49
5818,921
3187,696
3256,1026
2824,1241
4003,160
3300,698
3530,48
3382,483
3484,240
2626,87
3720,936
4824,134
2552,1304
5396,1242
6686,1067
3650,366
3778,1022
7177,885
3858,945
3867,355
514,1484
1127,377
3920,209
3974,1038
2209,782
4002,358
729,821
2451,1306
2231,1305
4041,231
32,1485
3121,1265
2778,994
4045,356
3521,1335
5573,876
4050,1066
4068,1116
4346,1249
4096,456
4115,267
4118,1331
4134,1303
4007,428
5692,963
4143,1302
7129,599
4384,459
1761,274
4255,1292
2465,959
4286,208
5395,1003
5767,1220
4247,326
4319,1153
4361,137
4363,1032
4368,852
336,589
4372,1014
4376,1125
833,1074
4732,1150
4412,190
5102,771
617,770
6476,1071
2193,348
3014,1265
3532,1265
4414,423
3709,953
4447,950
175,1235
6747,1324
1860,435
4450,962
5741,1301
4495,1235
5178,349
4507,724
4419,847
4513,666
4788,648
7257,1313
1273,913
135,652
4520,1156
285,1055
522,684
1724,1149
4566,939
1279,1304
1511,785
2780,170
4601,525
4602,1500
2285,779
4620,129
4624,121
416,968
4618,1064
6717,753
1725,1052
1893,128
2905,1296
4828,1296
767,826
4849,457
4019,255
4853,774
4871,477
2174,1220
4921,1007
4971,670
5134,302
4660,1150
307,1074
5921,1399
3298,147
1131,1149
1044,996
2417,985
1882,418
581,766
2183,529
5020,164
5825,953
5839,1305
2874,792
5914,308
2541,41
5226,726
75,1129
735,66
6723,1129
5401,881
6759,433
3094,1225
5572,1100
5582,38
381,1026
6544,1152
7017,748
232,425
4061,1304
170,1347
5679,1021
5082,368
3404,1392
5684,959
6365,1087
5685,638
6242,39
240,142
4080,1154
5584,199
5688,958
6456,69
1759,191
7083,969
5699,1242
3385,855
7254,442
5306,191
1200,488
2177,1205
6388,1154
5766,143
5858,1217
4164,278
6667,785
5896,270
3165,1054
5900,787
1504,11
5048,1496
6059,1461
4989,1150
497,938
6060,980
2242,1142
6070,126
1868,41
4963,405
3087,873
6107,959
6122,179
6123,721
6136,1172
6150,1452
5852,1382
6180,545
6200,1221
3723,1309
2069,144
6205,669
98,1252
1888,195
6230,428
6253,193
321,414
514,381
6359,1417
212,1094
6398,1140
5572,1077
6510,1258
5908,293
5936,294
6521,1476
4140,38
6627,316
1938,1503
6629,1273
6752,143
6754,1099
1963,1226
4064,1140
154,956
2734,1375
3558,1346
6777,104
6859,819
3293,487
6866,656
300,174
5849,906
6873,270
6899,174
4268,391
6943,289
615,1281
1701,1249
1055,408
433,1061
6967,994
1241,980
112,1117
6998,773
4186,715
7014,503
844,897
7118,687
3592,1133
7133,341
3337,425
3149,240
6315,687
1183,144
7243,409
1557,1171
4022,774
243,1425
507,1239
7268,994
70,1143
3476,1207
83,1236
3502,1052
155,868
435,822
445,583
6347,1149
480,446
582,943
1337,618
673,307
3595,1143
1157,1086
4851,740
3474,49
1196,938
1583,1226
2756,673
5577,961
5609,837
6560,749
1516,822
1537,606
1551,1231
1783,520
1716,1502
6148,191
2070,85
2640,131
2733,753
3647,1047
3091,1360
2538,1200
3504,116
3743,691
4208,655
4533,488
4839,1134
5047,948
6325,87
6367,1046
6756,694
922,408
6788,1026
4672,1064
6823,130
5046,673
6940,1066
6998,774
7077,435
7124,794
71,817
72,993
6738,939
3127,884
1723,1304
1831,1062
942,1054
1838,1127
5004,1286
1221,456
648,1040
1371,773
1381,39
1707,766
2832,66
1367,1400
1363,313
1709,1013
3925,55
1844,115
1858,1431
2166,611
2984,111
2164,833
2229,269
3280,1457
2523,1111
3826,264
5404,1230
2606,61
2981,103
1702,1156
3460,115
3602,64
3197,391
1603,534
4747,312
6302,1066
1215,961
2893,1314
5247,929
4570,1515
1854,1086
4187,1523
6835,1069
4893,587
7041,278
7096,1482
7109,297
3755,1161
73,1278
74,349
302,994
551,743
2367,346
80,220
5231,1132
4131,306
1306,394
3024,355
1393,596
6389,673
182,1400
6698,1240
2647,1095
3133,1123
4429,786
4752,1051
149,46
3859,1291
200,950
5623,1175
210,391
663,212
303,1058
4756,41
3871,964
1571,1279
3117,311
943,883
1336,626
1255,1101
2136,1055
318,179
372,1465
5786,1028
4442,1519
5277,738
449,766
3207,1071
5911,376
629,178
6677,369
2682,687
4050,1069
4375,666
705,1185
2127,940
4280,664
3908,41
5097,333
1118,535
6696,149
732,1303
5713,941
1911,1150
3350,50
1111,129
3153,1164
1312,39
1406,276
1734,428
2656,1468
1550,174
1305,480
4040,950
3589,639
1568,948
2651,1272
7206,949
1602,504
2744,1183
1621,1188
3857,86
1645,1058
1278,157
1782,837
6561,1142
1804,376
181,1456
1938,1500
749,901
2187,21
282,984
3130,1150
6887,1302
2539,341
2548,313
2619,1441
2628,250
707,87
2741,850
2949,637
2834,939
2950,1046
478,326
2614,1040
277,38
5888,305
3048,339
3057,391
4184,250
3068,730
3567,687
6600,516
3069,1027
4891,14
3093,952
275,448
4985,1401
2508,729
736,1500
3162,54
3194,285
2758,311
1112,147
3308,133
855,147
204,995
3847,1197
3517,956
3626,1296
3759,164
3829,108
2261,1288
323,1088
3856,507
3881,719
3883,363
2609,439
4009,920
2266,1258
4175,1071
5111,182
6354,1517
4940,1064
5115,740
4289,334
4953,956
2792,659
5051,1442
6578,971
4333,1523
6814,193
3607,262
6012,513
6231,148
4572,1528
6517,967
4623,743
2813,948
454,994
4823,986
4825,669
4261,266
2618,1311
1775,433
4856,242
4877,172
2691,946
4960,956
2034,9
1203,967
4573,1400
4740,724
5385,637
5067,1147
5143,1186
6897,366
5203,691
141,151
5359,1386
5367,363
714,232
1084,1513
377,1122
502,424
1781,1425
1955,829
2112,671
3269,1444
4842,938
4939,393
5585,1187
6507,1179
1510,1403
5883,435
5892,1140
3493,684
3495,101
5988,1149
902,1184
3428,205
4776,1467
7138,43
6734,1039
7186,98
6008,794
723,833
6089,1210
6157,614
6860,502
6173,439
605,1299
2614,1042
6297,454
3842,740
3129,86
1611,547
6388,1230
1321,1408
6541,950
4140,460
6681,1
6699,243
1370,965
724,1147
4968,191
6869,775
5122,306
1808,712
2875,1441
6954,946
1573,1061
7208,714
6780,709
77,1277
6832,66
1770,1254
5193,1432
949,404
5008,286
119,1220
201,1349
255,943
276,768
375,1250
519,1086
654,1296
608,1304
655,103
7271,1226
3354,873
736,1503
4585,1411
4691,1147
5781,437
751,536
3435,1078
774,1052
2035,741
875,1261
930,1274
5107,1370
1141,275
1175,1220
1219,175
1220,1202
1259,378
1295,113
1313,839
1556,954
1558,131
1814,950
4420,1164
1642,382
1654,745
691,1444
2312,54
2498,1080
576,950
571,986
2664,876
2044,666
2723,1074
2846,169
2882,707
2885,197
2965,846
3104,996
4239,1288
3193,917
3200,867
5201,909
3271,745
2905,938
2773,1078
1766,789
1418,311
3816,915
3761,1034
5509,1355
4405,428
6372,38
4288,819
5724,1145
535,1048
4613,1403
5894,1430
2878,126
4863,144
3364,1128
2339,1509
3609,226
3615,44
4951,488
3699,86
1629,692
1055,410
713,1309
6971,262
3896,1311
3994,70
4124,949
5243,61
4182,1039
4305,1328
453,207
6848,692
1563,414
4637,967
4703,958
4854,1147
4949,197
5017,1250
5048,1270
5055,9
3793,1496
1566,35
5268,1438
5297,1432
5400,142
5586,1272
5672,393
5719,370
2039,1515
5776,822
5781,511
5802,144
5847,41
5923,1394
6091,793
6175,1314
6224,396
6253,196
1181,65
6415,770
6688,1064
2474,426
6807,1076
6849,884
6854,532
6856,873
6861,25
5009,786
6930,1342
6937,1308
7278,69
3424,639
268,666
128,1360
243,1426
265,636
305,1094
498,364
520,910
1155,1258
1220,1204
1253,1180
1338,561
1433,946
1591,964
1609,1313
1665,1376
1717,158
6853,819
2219,162
2241,1476
2424,161
2456,371
2510,1107
543,1071
2856,475
2931,810
3026,455
3032,309
4274,665
3113,1215
3330,909
3573,74
3665,889
3706,144
3884,910
4432,1164
402,39
4822,272
4934,58
5081,908
1235,1386
5437,406
5702,443
5720,1288
5732,1134
5937,950
5993,438
6133,1058
6190,1162
6333,976
6518,306
3611,1115
6686,954
6707,1064
6708,714
6886,373
1387,128
79,938
79,994
103,404
108,976
114,359
136,143
3763,665
5733,274
153,815
659,177
156,41
2878,651
113,903
1523,868
227,406
233,1164
245,608
283,195
294,1514
304,1083
2742,14
1746,391
4766,95
333,990
337,721
6949,212
1882,420
345,945
350,259
326,40
2489,1076
352,1425
353,520
359,528
2348,1009
311,179
378,1276
4911,255
4868,131
384,967
2979,1453
386,1069
409,949
641,855
437,329
80,217
80,216
1515,39
2139,402
457,948
5721,1103
494,448
216,212
197,1154
5893,393
1869,190
2564,1159
4005,1390
6093,1106
6111,1150
1543,1302
517,809
520,909
6865,431
5579,131
856,752
3028,190
4054,1298
5808,1161
325,901
2320,961
6793,373
7226,920
580,666
6900,1304
525,202
2215,983
2661,1314
2293,50
341,1431
6241,1108
2404,1392
2336,59
2427,1343
3538,364
5108,836
2684,311
1546,1077
661,1076
695,51
706,939
2110,914
6163,74
724,1149
217,773
6389,675
280,1021
560,752
2476,1313
3653,1177
784,750
1565,1282
2125,936
4718,1037
2185,815
2211,986
2246,117
2386,1212
2231,1302
2250,977
2476,1333
955,144
4217,347
3323,337
4584,1152
6186,591
4552,124
6030,142
5973,126
6245,191
6794,818
744,939
1560,1111
5850,144
757,689
3731,144
5931,1454
765,871
48,907
1811,49
811,1373
1127,420
812,977
2987,401
923,1227
3249,146
1113,147
1114,534
113,907
5812,352
1133,991
1216,809
1905,1348
2017,1068
1299,772
2021,1345
1353,335
1358,553
1359,369
1474,153
3921,1145
1477,391
1480,1074
5575,1314
1518,1304
1506,116
4560,559
473,787
4331,938
3059,997
1517,1106
3898,39
6154,195
4201,1186
4320,1217
1592,1040
2378,575
1598,1078
1712,1188
3208,1288
5580,892
1873,402
1875,889
1902,191
1913,302
1922,1150
3081,1034
2012,25
1927,380
1930,1395
7222,310
1932,620
2013,433
1939,402
1941,939
1969,766
1970,1052
1975,126
1987,917
1540,778
1990,375
2001,936
2008,1052
2010,129
2028,142
1432,855
1929,1425
2048,919
2049,153
2050,1294
2080,380
883,995
2090,447
2092,1078
2106,912
2655,1430
2154,1430
2218,1131
5758,1349
2192,427
2203,629
1020,938
2261,1287
126,65
4737,157
2310,1185
2317,1247
466,308
2346,395
2382,1177
662,565
1261,1008
2422,859
2731,884
2455,766
2468,741
4620,132
6757,654
2429,230
2471,971
5684,980
697,666
2552,1305
477,146
966,291
5669,1056
3326,1399
6760,1101
2572,970
2577,1150
2582,1058
2621,1448
4731,1417
6216,144
2675,121
2977,1149
3135,850
4385,971
2027,144
2824,1243
3260,949
3261,142
3314,1355
3343,298
3420,941
3490,131
1708,1424
733,88
5600,484
1098,858
5622,218
3604,1325
3629,497
1528,941
1538,349
4238,1304
1836,1370
2173,1133
5826,1078
3873,131
1839,1008
2596,175
2718,1191
4508,325
5906,794
3916,939
1879,1102
3930,526
4401,391
4054,1087
392,1499
242,387
4092,356
4101,1236
5237,447
237,884
497,940
688,901
12,1528
2294,1476
3183,934
3909,255
4751,1094
4790,1137
6114,1026
3746,211
3766,667
4259,1067
431,1134
4265,966
4301,39
4303,642
5172,87
4337,135
2313,917
4422,395
4483,949
4516,1123
4588,962
4039,320
4590,980
4682,729
4812,35
6192,534
4598,758
5784,483
2056,299
762,389
4742,938
4786,41
4795,562
766,519
4846,1074
4901,971
1120,1378
5001,1085
5006,1311
2629,394
6182,1304
5204,375
5213,634
3927,888
6003,941
4358,819
4991,977
5231,1184
5264,1143
6926,297
5398,1101
5573,1453
114,855
5587,1319
2794,819
438,536
2377,1478
7196,73
2797,785
2655,1433
375,1173
4452,366
5748,736
5749,1067
5770,104
5804,927
5805,11
2190,478
3156,480
5856,1340
6838,1101
4058,311
5871,1069
5904,1399
775,1257
3466,924
5944,635
1317,994
1946,783
2061,730
5710,1112
6119,1264
6152,195
5207,1311
7219,294
6146,1080
6164,968
6181,1507
6189,531
1881,534
6201,1515
4710,1104
6207,402
2259,218
6214,1523
6221,920
6225,129
6229,1112
2494,392
6447,126
6477,1096
6502,743
6625,1128
4085,972
6725,1521
5687,785
2776,996
6872,1063
4894,1147
4858,369
262,1303
81,329
82,738
1747,168
5688,980
7148,43
84,1018
2641,349
85,254
2622,504
2738,493
3732,120
1559,1419
3222,673
2459,776
3423,492
3598,980
741,755
1593,101
4897,940
4541,673
6887,1305
4735,1313
1847,714
1266,483
778,102
4264,714
4832,1148
4869,1159
5666,1053
756,991
1793,1268
5948,1483
1267,885
2746,524
3913,1141
2331,1526
6204,383
6705,691
88,208
1530,69
2117,1101
3063,11
4913,969
880,1425
4628,721
6155,1215
6346,524
4905,551
3065,1026
6352,311
2672,1504
6366,324
89,1220
3760,1064
2275,437
4565,1265
1818,615
2168,1211
1138,1425
1476,1469
3411,938
4320,1219
4857,948
4990,1140
5250,428
5284,669
5396,1241
1981,179
1772,1104
2477,1040
92,796
92,1314
93,975
94,43
2245,521
2650,1188
3816,918
7025,941
7030,918
4575,1055
7153,752
287,23
207,38
3634,664
159,969
1585,589
229,219
2571,285
3263,457
1309,53
1374,130
4040,948
1539,1186
657,71
19,166
678,989
578,941
1107,1045
6127,1311
903,1276
5843,970
2497,1500
4090,454
556,1299
2327,772
1247,971
5018,876
6799,753
2160,551
2391,211
286,1461
5940,1150
2711,1186
6765,1142
1300,322
3608,165
5555,1355
5506,147
4153,49
5365,41
5441,106
692,666
3000,1435
6858,270
5842,285
4496,939
4527,969
1531,326
5026,212
6202,1390
6702,1258
6296,86
6431,212
1178,285
1201,948
1268,43
1276,666
1777,392
6950,1164
4596,726
506,18
640,927
1193,1148
6267,168
295,391
2439,1288
1842,406
4679,1061
1548,678
1861,205
3676,642
1631,126
4864,376
4932,1153
1788,80
5112,73
5706,1112
5723,1141
1174,292
2843,985
2220,859
2291,830
4203,289
6822,871
2587,1313
2657,1281
2659,457
7155,988
1871,1145
2887,1311
2919,410
6833,442
4158,427
3408,21
3467,1390
846,106
3619,356
3862,433
7197,714
4511,379
4454,259
4491,1002
4626,1180
4674,385
4705,941
2452,817
4843,824
5901,1392
3480,1134
1412,393
4767,1227
7176,73
1171,6
7185,1138
7146,773
2107,1107
3813,191
5740,1304
5846,41
5972,1205
6100,1157
2707,794
6149,632
2420,752
3253,1004
5591,1076
6487,382
5996,239
6676,1363
6709,54
4285,1500
1083,570
7049,347
96,382
1386,1399
2287,1431
97,787
97,850
3568,1280
99,1184
100,1163
101,154
102,116
11,1291
1544,1122
2633,643
2737,794
3792,1366
4147,1265
5589,1152
5891,179
6774,1058
5887,308
7132,385
1119,1299
174,284
548,1256
5042,950
1088,68
1437,1062
1522,1376
1735,1321
131,742
2031,42
2232,1225
2521,1149
4262,941
4275,414
4492,219
4651,193
4733,359
5612,1430
524,232
5927,205
2971,752
5303,288
105,268
106,41
107,561
196,55
2051,356
4036,1299
2608,850
6969,51
3429,859
109,551
109,1136
110,58
7223,347
3285,904
6703,1215
3563,1335
115,1154
116,273
117,233
118,781
118,784
401,257
1918,103
2142,666
5831,345
6167,103
119,1299
675,128
6179,1179
4855,374
526,962
5001,1088
6721,1055
3196,644
1285,1104
120,40
120,1136
3477,1037
4938,1201
4179,696
6348,1061
761,190
832,726
7207,49
121,46
122,1136
123,603
123,336
1012,65
2489,1079
680,1026
3729,1107
5521,724
1521,766
3301,770
1586,130
3661,904
7291,792
1230,474
1692,39
3139,1046
3032,38
4378,1127
6762,1071
6395,441
4801,222
125,995
425,34
2155,1114
841,6
2075,669
1957,1314
5708,494
5909,402
861,558
177,966
127,938
4380,524
867,218
2583,153
2685,800
2649,741
5187,991
3080,1147
3219,66
3795,59
3371,952
3570,51
3983,7
4348,533
4373,452
4536,324
4719,211
4730,1134
4918,392
4987,1096
5876,1161
5912,515
6345,649
4532,748
6903,208
3963,696
129,392
130,1003
309,385
481,207
834,820
999,943
1004,99
1043,127
1064,879
1142,856
1430,287
1581,1301
1270,655
2528,873
2687,835
3221,884
292,666
5226,727
3273,821
3383,1206
3393,1496
3542,193
5156,452
3575,1390
3601,438
3965,1309
3992,1108
4117,424
5598,402
4895,1467
4572,1529
1377,952
5401,879
5613,684
6711,702
6923,696
132,718
132,1150
725,959
816,773
2436,1341
2158,1351
2340,749
3861,565
4166,1372
4371,1464
5283,249
134,980
5978,1043
4890,1090
136,142
6237,1225
345,946
456,432
4984,687
4639,364
4574,655
677,717
1319,385
1410,929
4826,1455
2539,344
5235,754
6084,766
1998,1030
1710,986
5000,143
6240,1002
3254,506
6136,1173
559,393
14,1096
847,860
1567,733
3827,166
3673,1058
4349,1121
1589,188
274,721
2036,661
2201,357
4169,792
6423,480
6435,86
6523,321
5063,995
5653,1372
3886,41
6413,559
4165,1291
4867,1294
4222,920
3770,905
3747,278
5038,1438
4486,920
5135,1186
5774,219
5774,311
4037,415
3195,881
4029,246
355,188
5898,366
6282,642
4941,544
7038,793
139,1242
3174,895
142,906
2955,1005
585,1164
597,329
2011,927
2384,1440
2493,1227
3021,98
5785,130
143,994
1252,356
4188,177
5048,1302
6429,691
653,1480
4515,1458
3262,1041
4706,205
4567,377
2486,451
2505,994
2086,1064
6402,364
3412,1184
3564,422
1749,924
3959,133
3980,647
4248,1411
2225,1046
4327,774
4978,1386
4919,392
4606,169
4840,1358
4916,48
5094,691
5377,153
243,1422
2900,1012
5673,157
6862,49
1052,245
1623,743
1773,427
6690,1086
4233,850
146,762
148,1119
4725,872
3046,1304
320,318
354,950
1787,813
1395,559
2747,1488
545,629
586,619
926,803
1234,1496
1537,608
1769,191
1827,391
2620,299
2790,1498
7201,73
7160,103
3353,349
4619,1309
3599,393
1332,21
3768,1214
2116,104
4329,356
2889,347
4563,1261
5619,41
5338,1097
1488,1525
4510,1400
150,939
150,996
151,529
152,120
241,41
5399,713
4743,54
3621,647
1335,380
6387,1304
678,990
679,1078
3560,1276
889,1309
1323,996
1431,772
1712,1190
1739,1129
638,375
2012,104
2541,956
1196,41
6390,938
6850,23
707,89
2800,40
4095,962
4711,1196
5779,41
5012,103
1813,278
455,986
2413,940
4561,611
6678,1411
6250,915
6329,244
6946,1225
1768,1175
157,891
6846,467
6042,414
1812,520
3168,726
4251,1425
158,1068
3663,771
3171,966
458,941
3334,906
3891,938
6281,956
2045,1452
1785,11
160,520
2850,1078
6642,753
2575,969
5357,637
6492,1398
7217,666
163,212
164,405
165,316
165,130
4008,961
4785,363
3949,382
358,99
366,962
717,1456
4316,1235
1342,881
935,872
1024,1500
1286,1309
1351,58
2214,551
370,947
3630,1002
6948,728
247,590
2904,980
1549,915
1590,983
2274,1309
2058,927
5500,137
758,546
2019,920
3258,917
1281,1177
3420,940
7042,313
1882,421
4053,467
4032,41
3264,1114
4302,1052
2308,333
3692,147
3878,1242
2518,936
4598,940
4648,147
3128,376
1826,70
2200,1190
2909,892
1005,1392
5775,1290
2530,122
5957,1384
3251,930
2323,147
6568,671
3707,1301
550,280
167,1347
168,939
169,1292
169,1302
3725,1064
6264,368
2500,372
325,902
429,1090
1830,428
4756,42
171,651
172,441
173,1393
174,283
175,1034
1532,393
1944,149
5854,1235
176,1128
2542,1052
3880,191
1672,1523
3015,1014
4579,1283
179,207
180,1352
182,1376
182,1399
6750,938
183,1304
1520,917
184,473
953,332
185,1129
2962,993
1953,1304
3482,986
2761,1400
5712,996
2502,1301
5942,1129
187,1061
7166,446
3819,1032
6199,1304
188,524
189,1349
190,1002
191,752
191,41
252,648
417,1201
1239,507
3140,212
2212,554
2394,283
4474,1461
4748,748
5947,772
193,691
193,692
2964,1021
251,244
4002,361
1460,9
2798,377
4265,968
6647,857
6944,144
6905,55
404,41
406,970
1575,86
6501,950
1134,369
5925,1142
493,691
2461,1104
1729,516
2703,1357
3108,139
4067,1401
4084,44
2122,964
5714,23
6933,1068
5851,455
194,1478
195,356
5232,1164
3158,82
4982,139
6086,489
6829,1281
1292,1059
198,256
199,103
2877,1175
201,1347
890,129
5935,1062
603,105
503,274
5762,406
6389,676
203,370
223,1502
242,391
1505,1507
5807,384
204,996
4197,1333
4052,232
205,437
405,408
206,815
421,666
1234,1482
7131,975
7054,713
2714,819
1388,107
1420,313
6247,294
2114,752
1143,484
1213,174
1728,223
5133,1452
5344,1480
1802,335
3797,289
5066,391
5163,666
5164,1265
4497,499
5413,134
6768,936
1366,355
208,103
1331,1285
4881,1101
5874,879
209,941
314,674
270,1305
6083,521
3089,1112
599,651
3645,1052
4759,1052
5756,1161
6749,1240
211,359
1970,1056
2071,996
2068,993
2473,1144
934,899
3869,763
5829,347
6636,1062
213,390
214,935
219,166
5705,942
6852,39
215,44
216,157
216,161
710,1311
216,215
1954,892
5139,1399
4782,873
1325,181
6257,41
217,775
2367,350
5582,42
218,590
218,591
281,729
220,691
299,273
7260,88
221,1291
1467,638
4676,1527
932,631
727,158
222,1454
222,1502
223,1304
7078,775
224,943
342,63
224,1017
224,731
6128,391
225,254
226,433
226,507
2140,906
228,1164
948,1012
230,1040
4043,712
4732,1151
583,684
759,69
4610,1096
2533,16
3414,614
4141,8
369,1485
3184,106
4652,916
4799,881
6177,324
2406,409
3730,730
7277,691
7283,1042
1501,1120
3123,349
2785,250
3978,678
234,1424
5905,36
235,88
236,1125
283,260
1515,42
419,85
6583,909
1006,1201
2601,1073
238,552
239,1286
241,439
1146,274
1421,147
1553,1502
3823,777
6457,1232
3602,67
3418,320
5064,302
6682,552
7290,809
1134,372
1339,948
1496,603
1821,191
2311,38
2487,681
2763,764
4256,1523
4422,396
4699,949
4668,393
5761,1304
6019,950
244,770
244,833
383,707
4099,308
246,524
2121,138
1333,469
5231,1139
763,158
5976,741
248,83
6516,1006
249,108
250,804
5922,945
253,54
3655,848
254,161
6381,597
3374,962
4686,941
3017,59
256,36
2433,703
257,939
258,510
259,958
260,1454
261,41
941,918
263,810
264,1148
4180,76
6835,1070
7152,895
266,1226
6795,324
267,840
269,68
270,1304
1365,1019
271,1161
412,1359
315,1438
272,88
273,352
275,524
276,766
4326,749
5804,219
349,128
365,170
6430,774
1891,1111
5241,904
5376,715
1154,393
278,103
4736,290
5291,337
6156,1360
279,899
3200,1502
1626,49
1898,1212
2135,962
5487,1302
1284,904
1459,1106
1524,51
2754,525
3316,600
2816,948
6328,1184
6631,191
6751,567
284,143
681,1052
3657,426
288,1034
289,102
4,1421
291,1014
290,1411
4019,258
293,82
5809,51
296,665
297,329
298,392
7229,664
783,1220
1101,775
1251,1276
1503,1308
3832,274
4448,1066
3318,1301
5359,1439
6579,197
6613,197
2662,746
4034,884
6789,971
4952,347
301,142
301,1314
5880,175
4339,1098
302,1502
3721,684
1046,1390
1554,382
562,1115
4421,525
5574,50
557,949
3858,947
2393,1173
4345,970
3524,671
682,1202
4266,1055
4657,671
4692,1274
4772,1053
5249,996
634,954
4120,811
2376,1219
3120,1229
1729,515
308,226
310,13
312,190
313,1200
314,668
420,1241
54,1461
1776,763
1807,688
2475,390
3688,1461
6183,493
6851,962
7144,1071
316,754
5274,1104
1647,1230
6728,70
317,785
1254,1397
319,1311
1926,903
321,415
536,1454
5560,632
3578,1162
970,1489
1031,959
1076,959
1136,482
1818,616
2145,194
2196,1234
6681,480
2480,191
5299,1455
2828,311
3455,787
4538,380
2326,179
6767,311
5933,243
6976,500
322,980
322,982
1839,954
324,1201
324,489
327,504
423,489
328,742
329,971
329,675
330,964
3015,820
2244,41
3395,956
2025,1235
6650,126
331,1200
332,828
332,829
373,1404
334,986
374,21
335,1005
4196,191
635,847
978,1502
2708,554
3752,1140
338,1183
339,137
3693,1085
3693,1089
340,725
609,1022
344,50
345,757
430,1229
361,130
750,666
1533,313
2022,1085
1991,177
2167,166
2224,767
2298,159
2356,1319
5075,147
5132,1005
5402,799
6418,1205
346,941
346,962
347,130
348,1370
2362,347
1509,410
6001,986
2678,1052
3018,433
3914,499
3997,482
6847,275
351,1076
2969,1075
3335,1150
1055,411
5345,1080
6957,1303
2923,949
1912,122
1940,39
2062,131
356,1119
5088,44
6110,1377
357,1140
4644,938
5608,394
6040,502
2014,471
4344,830
4374,1019
4928,1085
360,1380
362,792
362,854
418,655
363,393
364,666
398,1515
4506,664
2717,697
1320,853
3777,687
2483,375
367,980
368,1438
5187,992
1976,1052
5155,919
214,937
371,401
248,80
1411,191
1455,956
4093,591
941,917
1529,941
2914,1053
5772,1507
5827,59
6840,1507
376,143
2410,404
6147,773
1825,766
2052,1436
5270,878
1997,415
3906,154
379,1227
380,1267
3845,507
5617,667
4970,41
1705,1206
3136,1078
4455,1019
4755,1064
6090,46
4336,543
382,48
382,51
383,729
385,1002
387,1012
4075,990
388,1052
389,678
390,958
390,59
391,977
3697,899
393,380
394,956
395,950
396,1177
396,524
397,775
399,952
400,965
2998,1148
6792,971
1871,1143
6730,703
403,614
407,1106
408,843
2645,285
5330,212
410,404
411,205
5045,762
413,1235
414,1191
415,590
416,967
4985,1402
3099,480
848,1375
1481,322
3266,139
5620,144
6345,726
6353,837
4722,787
422,623
424,50
425,1347
426,104
4986,603
4988,603
7193,977
427,152
432,1090
604,1110
1512,1159
1502,143
1525,1071
2079,464
523,1239
1851,39
3534,311
5800,1076
1434,1493
1370,963
7033,1055
2592,1203
3122,244
3303,41
4031,74
6889,938
5963,885
1978,873
3532,1268
3686,321
6844,116
865,1136
2033,142
1356,190
2496,1124
3846,1300
4295,1022
6233,1004
4787,61
2462,340
2851,1355
2859,231
3300,699
3380,1368
4192,439
4205,1452
1303,402
4283,533
4715,638
4805,99
4925,443
5186,984
4942,169
5050,51
6117,924
5093,1348
6782,941
3338,713
6976,499
4740,723
2646,470
1405,707
1479,1399
3506,382
6373,954
593,212
5518,19
5496,1057
3079,519
4441,938
5621,1034
6445,1003
4814,63
5329,655
436,464
437,136
473,785
4435,843
6096,1363
6235,1387
7235,1242
6830,153
1426,1053
1412,394
3505,249
3600,157
3703,1525
439,1502
5693,766
440,50
441,450
441,453
4849,458
6538,352
442,1291
443,969
2895,1419
3006,671
3205,603
4088,1328
4315,208
5951,1180
445,584
2169,164
3141,326
913,373
4866,480
1751,356
2479,670
3220,871
3396,649
3903,977
4304,390
3418,321
5665,1217
5707,897
6022,912
5967,393
1596,274
3535,917
2807,956
3008,948
2803,1148
4977,725
5995,943
3961,1253
3117,349
6297,450
1586,40
3687,1429
534,1316
2793,993
3610,1253
4841,656
5231,1131
5601,1096
513,1349
6855,944
669,779
856,756
2374,268
6250,866
1619,994
1798,859
6138,959
3592,1167
3912,405
2820,382
5141,925
3820,702
2191,175
449,769
4297,1150
607,356
5401,876
743,754
1054,465
1536,144
2410,406
2492,966
4143,406
4292,1409
6223,416
686,664
450,714
2149,1274
3244,69
6824,492
451,1052
1547,845
4465,1269
2180,41
5651,1066
5955,74
6095,25
5730,1117
2436,1339
2119,1355
3931,256
5548,40
6904,1068
1499,473
2195,43
6605,1164
459,973
460,1336
461,147
462,1444
463,973
4234,666
5674,1064
4383,962
6375,959
465,974
3622,356
467,1159
1311,1305
3434,455
468,772
469,329
470,326
471,1356
472,69
472,86
5875,144
3633,1052
4559,134
474,320
475,1153
476,986
2675,123
5769,101
479,207
3497,894
4418,1526
5185,773
5525,1136
5051,1059
484,660
496,606
1144,552
1257,465
2898,1011
3227,994
3228,687
3483,485
1243,1171
4216,996
4355,959
6360,1461
6399,437
6620,1462
6609,1414
6758,173
6772,1324
482,906
483,65
3588,712
487,684
1021,1206
1644,992
2137,1126
3457,482
3238,406
5747,911
6090,1115
6870,1126
6882,1509
485,340
486,1063
488,993
490,1504
492,435
2466,191
495,688
6239,1419
3092,767
4082,428
499,1241
500,920
501,806
6172,426
7094,25
504,810
947,1488
3519,51
505,533
506,106
1761,219
2645,278
6843,144
507,1243
3251,931
1247,1361
1001,707
1107,990
1704,1111
3007,206
5275,1355
3239,141
3152,589
1588,257
4503,702
4534,1035
4987,1237
6125,939
6810,1014
2815,1250
5209,1467
508,410
4319,1154
5462,645
6500,986
6606,936
511,435
5570,297
6609,1412
512,412
705,1188
1400,329
1552,1472
1661,184
2171,254
2302,949
2442,482
2944,603
6993,1159
2982,994
5596,313
4229,9
618,104
1085,1163
1904,941
2641,350
4209,1473
3769,1184
4950,390
516,41
516,779
4764,143
518,135
5716,1507
565,714
2658,1129
4997,1229
2203,633
2872,953
5032,521
521,126
525,204
6781,254
6784,666
879,488
3644,455
166,1350
1958,56
1248,1314
1756,1150
4434,49
527,175
527,238
2540,929
7233,349
1318,562
1523,869
2453,85
285,1056
3548,1110
5347,1110
5763,88
1124,792
529,1272
530,777
2416,1427
3936,1265
6056,1449
564,1197
532,835
6018,475
789,589
534,1318
536,1451
2653,665
2138,1263
2698,161
2792,658
2864,912
5086,1022
5174,1064
5490,132
553,211
5013,1156
6463,341
7159,904
7174,104
538,471
539,504
2237,510
6153,195
4948,748
540,970
542,1476
543,1097
1607,729
6411,1002
545,630
545,632
1385,68
4784,1014
839,48
859,1283
1794,642
2286,719
2740,129
3134,49
3570,48
4123,1123
5977,1134
664,218
3275,334
6293,798
547,1265
549,501
3442,666
551,747
592,971
2030,191
6681,22
3020,41
5718,580
552,115
553,172
554,938
569,980
555,1274
555,50
4002,362
558,778
5713,942
4917,1294
7230,593
560,779
5599,238
3507,48
561,396
563,806
548,1253
4558,135
566,263
567,1205
567,958
568,1011
570,1114
572,254
572,256
918,221
2718,1194
917,629
573,696
1334,1304
1380,648
1380,650
1314,849
1565,1283
1195,243
2957,1080
2550,1104
3211,988
3546,1052
4273,1274
4278,143
6519,1052
2066,1029
4773,1067
6735,51
7172,25
574,794
575,794
7173,311
1833,619
2696,208
5481,1026
5436,691
7151,892
577,933
577,936
1818,662
579,41
2217,232
3452,637
5342,950
5403,852
4484,855
5932,1277
4219,938
860,665
6397,392
2558,968
1862,250
4688,345
5204,373
5283,250
4578,1291
584,684
584,1076
3508,873
3550,1355
4551,1159
5393,622
5960,1227
4846,1071
1089,1034
587,1041
588,1283
589,990
590,962
591,884
1641,1014
5045,761
594,1227
595,82
596,82
1839,1009
612,666
598,321
4914,632
599,653
4899,212
7288,234
1842,486
1228,1515
3359,299
6890,1502
3224,433
6112,1136
601,1104
602,809
747,527
606,650
722,412
3155,232
4186,714
4574,656
2258,988
528,667
580,667
2474,666
4386,1162
2091,824
5834,967
610,1076
611,294
613,1048
2104,1220
5768,964
5801,950
614,172
616,151
1543,1305
617,772
2346,399
2326,395
5069,1005
6661,637
77,1279
5648,1137
2155,1371
2223,1144
3220,874
4518,1515
5167,969
1900,936
5630,800
6901,958
620,1455
6244,986
621,1090
622,983
623,493
624,284
626,391
625,238
627,190
628,908
1354,1175
1733,212
3937,483
4965,614
5451,82
5092,149
3501,817
715,1510
1129,994
1233,488
4745,1007
1573,1063
2644,1161
2802,673
3547,1091
6643,359
5519,488
5462,642
3345,263
3893,952
4191,179
4389,740
7143,1041
4654,130
5157,884
5488,920
6261,302
7047,131
7188,698
631,368
632,1371
633,815
2170,391
4321,941
636,1058
637,1019
639,793
641,794
642,669
643,1055
644,254
644,256
645,50
646,194
647,591
648,98
6155,1218
5717,980
1218,51
5961,1288
4337,976
5943,456
650,1112
728,441
4272,1054
6098,1141
6168,511
6420,991
652,595
6220,1058
656,927
1564,219
3833,1452
2203,631
4048,302
3554,1307
4887,788
4935,950
370,1239
6058,465
6062,285
6214,1521
6638,740
3871,734
658,1055
1948,1019
3088,101
6307,190
7286,139
7280,1264
6684,709
660,1184
3307,1052
726,1134
2772,501
3344,142
2783,1389
3365,1127
3384,1111
662,556
3515,347
2770,664
5076,377
5840,1012
5954,1274
6134,147
6170,943
6313,1145
6948,293
1820,41
3087,871
3185,1001
5839,1150
7104,19
236,1123
4431,1304
665,195
666,218
764,377
904,687
4331,942
667,1000
1250,433
817,803
1317,938
2849,1526
683,25
3751,1272
2698,212
6962,726
668,87
670,962
671,16
672,1147
5655,20
7203,664
2179,157
657,1147
4614,1147
7164,730
3818,1054
2484,329
1022,164
7148,1416
5635,329
6854,885
6734,529
7173,1039
6419,611
5421,1389
2109,986
2994,402
4462,456
4829,1506
1256,349
3149,237
1731,1150
1730,669
4694,1344
7158,502
7171,904
4217,349
682,872
684,44
685,502
1329,1052
687,1288
4614,730
5239,130
5330,173
689,1476
797,147
2897,741
2953,638
5790,675
693,980
694,967
694,1022
4957,591
1482,172
696,1500
698,50
699,353
699,1500
700,766
700,895
701,1034
701,1357
4514,278
1165,772
5323,102
5183,969
6870,1198
703,1484
11,1445
1712,1451
1985,104
2723,959
4273,1196
2907,553
5000,144
5144,1355
5346,1313
5813,66
772,1207
1408,199
1134,368
709,1370
711,1184
705,1186
705,1187
4390,938
1977,504
5837,938
1048,1304
1147,433
1274,703
1832,904
1980,926
5079,1080
3336,1294
3376,1003
3810,284
1463,73
5087,1240
5595,147
5746,962
5899,482
6218,802
6638,950
5794,439
3544,1272
6922,855
216,163
710,1315
4646,428
2239,7
6911,25
1315,943
3201,968
3470,1375
3850,84
4356,974
5919,927
2260,251
2222,962
716,1366
718,834
776,135
1076,957
6886,892
2434,637
5378,347
5469,326
6828,72
3741,116
4183,51
4438,1143
4679,1005
2804,1179
5371,689
6458,524
720,770
5851,452
6195,452
6997,664
721,693
5675,326
6148,257
6044,1052
722,492
722,416
1018,650
1075,1339
1079,1071
726,1283
1350,941
727,154
818,446
1058,606
729,822
5915,885
1234,1483
2015,576
2074,1397
3151,996
2020,1262
730,477
5491,391
4206,170
731,1227
753,1117
807,468
822,1117
943,885
4493,1159
7234,402
5025,471
5027,1062
734,277
735,1076
2057,787
6601,469
6706,493
2111,41
1743,1140
2551,1131
4338,1338
5114,983
6243,678
737,651
738,435
739,1101
739,144
5236,284
5210,496
6925,347
912,45
1438,264
2238,106
2283,980
3594,222
4918,394
1325,183
2181,1311
742,58
943,886
1583,1211
1302,935
1719,967
2906,1069
3327,426
1388,110
6288,992
871,51
4494,637
4942,170
5659,408
5663,109
6857,970
746,1471
2042,807
5803,1399
1373,1088
5751,1235
2681,1141
4936,524
2996,1311
1200,491
1421,149
1475,1402
2578,14
914,1062
4700,952
6251,35
1345,373
4765,41
998,1441
3123,350
4600,1104
5308,211
4327,144
3276,930
5245,853
2595,356
6710,142
753,1114
754,1
921,443
984,1022
755,38
6231,149
1774,238
961,1496
839,51
857,23
5736,82
760,376
929,565
762,256
763,154
885,938
885,942
969,399
813,394
6741,990
805,985
1896,1149
6156,1348
53,349
2220,777
4879,907
5101,172
5145,1359
6421,738
6898,39
766,70
767,876
858,1228
768,1330
769,1147
769,1399
1002,731
770,70
853,470
771,102
2786,448
4357,835
1213,218
4488,1071
1916,1152
2562,871
3236,1504
6664,884
6649,728
5987,949
772,1205
772,1209
773,559
773,560
5710,1113
4085,969
1033,1101
2198,391
2401,654
3911,1451
3545,1052
4388,142
4396,426
4328,813
4910,1129
777,900
779,47
779,43
780,729
6821,129
781,25
782,400
4402,183
5215,320
5895,768
4238,1305
4379,992
4720,1029
2039,1516
6181,1508
785,390
786,1226
787,546
788,400
788,479
789,581
3939,1224
790,691
790,693
791,85
3790,73
4069,1109
2156,154
2570,1417
3230,1311
1383,938
3804,1107
7008,191
793,1159
794,1212
794,517
794,1123
989,191
1060,1359
1078,603
795,773
795,777
796,1451
796,1399
825,683
1030,1447
6414,467
6771,687
798,1
5848,1004
799,575
799,619
800,1057
800,731
801,242
802,1291
837,1094
858,1224
864,211
1019,1074
1067,711
2348,1007
4135,40
1137,810
1151,821
5010,1251
6255,724
6125,942
805,1416
1076,980
806,1371
808,282
809,238
863,1074
811,1392
811,1114
803,907
811,1117
810,904
810,934
810,936
5547,1078
3536,1104
5370,8
6663,507
813,393
814,395
5735,1411
815,804
815,803
969,395
1039,399
1066,1185
840,648
1042,616
1067,715
817,731
860,667
950,664
818,449
819,996
820,25
821,788
823,439
823,1055
824,39
825,682
825,685
826,1399
976,961
5738,1111
827,336
828,323
829,1149
3218,44
1068,603
3986,256
2646,472
831,938
832,752
832,700
832,804
360,1372
834,865
960,1010
991,1512
835,924
836,1062
838,798
838,111
839,66
1407,117
2055,526
2083,340
3019,926
3960,939
5938,393
4132,966
5128,341
843,1293
844,896
4111,297
845,468
981,1529
1082,723
846,110
1056,1482
847,862
925,975
932,633
932,630
847,863
1279,1305
5526,288
2955,1006
1849,927
849,228
850,6
895,78
951,78
851,760
851,889
852,847
922,641
854,351
857,91
857,93
857,94
3300,695
860,663
861,560
861,579
861,582
6002,759
862,838
924,502
947,1491
939,1251
5217,130
5415,170
866,1114
868,891
869,764
1032,63
870,754
872,162
872,180
873,871
874,1527
876,6
876,9
877,666
877,667
878,1052
1015,908
5722,883
1217,59
448,1507
1303,154
370,398
2788,428
3003,1276
3809,920
4837,1515
881,102
882,1390
884,1024
816,776
952,1114
886,384
887,968
887,69
888,905
890,130
891,1316
936,625
936,1345
893,666
894,13
895,79
897,1267
898,554
899,903
932,632
900,1131
900,1156
901,824
1184,219
2789,1125
2855,1039
4263,994
5922,774
6806,53
6884,197
905,1
905,2
905,3
905,4
905,5
951,79
5151,969
907,1467
908,439
909,493
910,406
911,1264
912,43
5819,324
4244,994
915,255
916,1266
917,633
795,780
1039,395
919,1137
860,664
920,211
920,215
1077,1173
1053,732
1650,856
3106,1024
6673,1002
927,81
927,142
928,129
928,131
931,1136
932,629
1008,291
5004,938
933,961
1070,702
937,68
938,90
938,94
938,137
940,927
1754,1129
2082,870
2110,918
7164,1039
944,855
945,1106
1015,909
6978,1492
946,675
947,1490
2759,168
949,1274
949,1196
717,1455
6958,552
2237,512
1062,885
2300,252
2879,1455
4020,240
5372,1389
58,490
3098,119
6453,755
952,1185
952,1189
954,853
956,962
957,1494
958,2
958,1268
959,1096
960,1007
962,1515
963,768
963,896
964,9
964,41
965,1527
966,288
966,289
967,868
968,822
969,475
971,1214
5743,772
972,1509
974,1304
3918,943
975,753
977,95
979,1224
980,879
981,1527
982,865
983,1528
985,883
986,31
986,32
986,33
987,430
988,523
989,188
990,19
991,1511
992,1510
993,425
993,426
994,993
994,997
995,754
996,806
1640,144
4282,884
1799,71
1000,266
1001,710
1082,727
4740,727
1002,732
1003,774
1003,945
1004,100
1007,417
1007,419
3793,1497
1008,288
1009,294
1010,657
1011,454
1042,614
1086,573
1013,184
1014,326
1016,1248
1016,1422
1017,249
1018,647
1018,649
968,819
1020,942
1021,1131
5821,1100
1073,49
2467,1202
6935,1196
1023,1071
1025,392
1025,102
1026,678
1027,1052
1028,1197
1028,482
1029,887
2012,24
1030,1219
1034,422
1035,283
1036,979
1037,1022
1038,1500
1040,90
1041,968
5542,1196
1043,927
1043,125
4026,340
1045,25
1047,38
4974,994
1049,8
1049,9
6354,546
1050,980
1050,1098
1051,843
1051,131
1052,247
1065,504
3209,82
3430,950
3456,1479
1711,101
1793,1059
6770,373
1057,254
1059,936
1059,92
1061,878
1062,1059
888,907
2184,451
1063,941
1052,248
1066,1427
1069,666
1071,936
1072,837
2228,817
5099,819
6896,1227
1074,73
1075,1337
1075,1341
5992,155
2150,906
1080,1197
1081,41
1082,724
874,1529
1083,569
2317,1248
4958,1248
5824,1002
1086,569
1087,129
6520,775
5324,1071
6740,1150
7167,1261
6337,377
6883,263
5799,428
1091,949
1091,564
702,1044
1092,928
2087,41
2099,463
3310,1515
3342,796
4076,352
4555,884
5952,1398
6622,716
7180,904
1093,1083
2995,1112
1094,564
1095,467
1095,547
1096,1253
1096,1455
1097,904
1106,721
6751,568
1099,1050
1100,691
1105,143
1108,143
1102,88
1103,931
1104,285
1107,988
1107,1049
1109,1026
445,768
2137,583
4524,1467
5569,457
1263,824
7079,373
6623,1388
2683,1366
320,316
1116,719
1117,915
1117,147
1127,429
1149,254
1170,764
1262,938
1277,1339
7004,866
4257,1452
4364,59
5870,547
7053,551
7084,691
7114,201
1119,835
2316,139
6196,1138
6266,560
1121,129
1121,1101
1122,752
1260,399
1123,101
1125,256
1126,39
3489,1117
1242,1005
1628,945
1750,299
2281,227
3035,484
6142,894
4243,994
4360,71
5199,284
3296,738
1128,1142
1130,938
1132,165
1135,183
78,1060
3199,144
1139,827
3418,319
1140,191
1571,1278
3730,1321
1145,740
1210,798
1148,589
1150,714
1151,819
1156,629
1152,1225
1152,427
1153,1212
2819,54
2284,1143
2155,1115
7022,511
1158,448
1159,736
1160,68
1161,59
1162,470
1162,471
1164,359
1166,147
1167,439
1168,1277
1169,840
3875,232
1172,186
1172,382
1173,82
1174,297
3099,481
6665,1039
6716,920
1176,1272
1176,49
1177,684
1178,219
1179,1220
1180,219
1182,595
1185,43
1186,255
1187,402
1188,13
1189,186
1190,1148
1191,470
1192,41
137,1305
2187,612
4581,391
1194,41
1195,179
1935,219
4227,1241
6113,392
1197,994
1198,1494
1199,835
1803,103
2361,1465
4210,231
6800,1349
4149,996
1204,25
1205,250
1206,536
1207,576
1208,1220
1209,68
1211,439
1212,901
1213,286
4224,956
1214,425
6130,142
5466,520
2357,1119
5751,1238
1222,949
1223,659
1225,74
1227,806
1229,1302
4615,1235
1231,96
3371,954
3132,773
5407,1301
1236,104
1237,1110
1238,753
1240,147
5530,298
1269,879
1244,1312
1245,1225
1246,299
1249,80
4936,960
5622,220
5641,1361
1310,875
3360,1401
4775,426
1258,471
2938,1240
1265,80
1268,46
2350,1117
6958,555
4323,415
5256,1519
6100,1159
1271,850
1272,712
3915,983
5396,1243
1275,703
1280,1347
1282,1164
1283,38
2476,1315
1534,1023
1287,1149
1288,954
1288,1067
1289,383
1290,1520
1291,691
3363,1314
4922,118
5862,936
3580,927
3849,1296
3849,1300
1285,1105
4999,977
6970,104
7006,753
1296,149
1297,1515
360,1383
1565,1284
3557,19
5602,796
3788,576
7013,1522
435,943
1347,1349
1397,1291
6266,558
6370,488
2766,1071
2133,1010
1763,917
7051,50
1301,69
522,682
6037,438
1376,59
1514,146
6645,792
1694,143
1790,143
2395,475
6852,470
2201,355
5446,753
7179,939
7139,691
5480,589
3046,1147
2634,1052
5625,191
4717,743
5196,211
3041,1202
3349,664
3102,136
2375,646
3278,311
3732,123
6764,520
7072,1265
4439,1029
4453,1173
4468,250
7202,787
7163,177
4370,702
4838,1502
5129,666
7058,274
1718,1069
2053,1435
7000,529
3763,667
6271,1033
6675,165
7080,589
7091,439
1303,396
7137,174
4976,712
7162,250
3864,521
6916,1064
629,428
629,867
1349,457
1639,23
5841,483
3811,938
4000,793
4254,1164
4294,1222
4387,1162
3620,355
103,407
4502,635
1961,924
4728,743
5522,707
5485,1075
6752,144
4599,1355
1305,481
1887,144
2771,1527
6709,57
2561,1271
1306,391
1307,783
1308,58
784,751
1310,183
4157,552
1936,906
1315,944
1315,946
1315,731
4854,1151
1316,50
1316,48
1655,980
5240,221
5744,793
5836,980
6213,467
2174,1223
4240,1502
1322,917
1324,1226
1324,1285
1324,1117
1326,41
1327,496
1328,1386
1328,1176
1330,433
1395,623
6685,349
7039,853
1336,1360
1423,106
1487,866
4553,766
4036,1220
2154,1433
6731,666
1338,563
2230,1169
6343,1513
1500,793
3666,958
3704,909
4575,1056
1340,473
1341,1188
1445,48
1342,878
32,880
3830,97
1343,1333
3043,1123
3484,238
5160,534
4011,748
5435,1040
4760,1272
5551,74
7007,764
1462,270
1346,122
1348,49
1435,939
1452,1342
4527,972
1352,968
1355,609
1355,613
1357,142
1360,588
1415,46
1361,1157
1390,667
1362,396
1363,314
1364,996
1369,1272
1371,776
1393,598
5059,144
3599,394
1372,1502
5298,953
1374,128
1514,117
1592,1044
6795,325
1375,269
1378,1311
1379,956
1380,355
1382,938
1384,892
1399,23
1404,22
149,45
2064,1288
4775,1120
4896,1076
6961,868
1389,273
1416,520
1390,665
1391,1527
1392,130
1394,142
1396,988
1398,428
1400,117
1401,6
1402,1042
1403,1200
1406,279
1409,962
1495,1359
1764,88
1413,971
1414,637
1417,104
1419,11
1422,471
1422,552
1424,792
1425,257
1427,76
1428,1224
1429,20
828,327
1430,291
1354,1178
5623,1178
1434,1495
175,1359
1436,599
1439,144
1440,654
4661,74
1441,299
1442,1127
1443,664
1444,426
1446,1201
1447,585
1448,649
1449,347
1450,103
1451,1062
1453,1052
4794,1317
1454,1196
1447,586
1456,191
1457,1274
1458,1008
1459,915
1459,1032
1461,347
1461,350
1464,599
1465,74
1466,1293
1466,1295
1468,1324
1469,716
2612,124
3998,431
1471,962
1472,980
3011,68
4332,75
1729,517
2490,1140
4478,708
5401,882
1478,179
4145,835
1663,775
6103,819
4253,906
7204,716
1485,618
1486,1172
6252,334
3027,144
2787,488
4975,206
1489,574
1490,1312
1491,1437
1491,1196
1492,1399
1493,390
3077,366
1497,716
1498,328
233,1165
2216,1183
2725,1161
2843,987
2289,1212
2389,392
3773,994
3834,219
2854,696
5820,326
1843,324
2377,1481
3413,669
4241,994
3786,1058
1507,895
1508,326
4449,1140
6276,427
5860,51
3379,920
1519,88
1649,994
6963,992
2282,66
5687,787
4972,1494
2527,742
169,1305
3528,1163
4281,1022
5568,1435
6734,1013
1526,1215
14,1095
1542,678
1531,327
2917,49
1786,1314
2047,481
240,145
368,1218
2580,1106
4215,1218
5110,1272
1541,104
713,1310
4847,1158
3177,35
3022,102
5255,644
6693,1273
1780,469
1546,1078
1828,895
2467,1204
4632,1264
5523,1152
2403,1274
1550,176
3902,752
3967,399
2576,793
1555,390
1556,1007
5959,1312
2216,218
1579,978
2909,893
1558,144
4693,678
3894,1235
6382,1083
1561,1314
186,394
1638,1150
4753,1009
6361,856
5658,966
5997,1148
3938,288
3940,191
1214,426
619,176
1830,429
2537,881
3232,493
3437,286
3618,272
3874,507
4116,1012
5166,311
4717,747
4749,691
4508,327
5633,779
5683,1043
5305,833
4978,1384
7030,915
7190,956
6063,1390
7127,712
6475,1366
3905,86
1569,1311
1570,1278
1572,732
1572,735
1574,119
1576,680
6060,981
1577,234
1577,302
1578,734
4820,678
2409,1022
1580,740
1582,70
3391,285
5558,936
5454,23
1584,816
2767,1280
5429,88
7102,994
1587,1520
3149,241
4906,237
1588,258
4853,776
5598,403
1589,192
1590,938
2117,1044
2476,821
2616,765
1594,436
3200,1100
6937,1310
6282,644
5430,819
1596,207
1596,208
1597,938
1599,1055
2240,623
1601,22
1604,729
1605,1054
1698,716
1681,1129
4998,1055
1608,986
1609,1163
1610,1212
1611,1181
2118,1314
6437,945
1653,44
1671,637
1673,142
1699,431
2525,731
2526,630
2711,1114
2715,562
2738,496
2818,1114
2946,985
5138,1161
5224,142
5243,62
6720,9
6791,433
7044,1071
7216,714
1613,41
1614,995
1615,1291
1616,44
1617,939
1690,66
1618,1002
6671,393
1620,1446
6809,767
1622,154
1624,821
1625,771
1627,1096
1629,691
1630,402
1632,906
1633,339
1634,307
1635,154
1635,819
1635,822
3527,948
1636,1111
1637,448
1637,524
1638,1304
1669,311
1643,1064
1646,828
4267,1140
1648,634
1683,1040
1651,1467
1651,1410
1652,1465
1677,129
1697,128
3771,994
5514,74
6868,881
1654,743
1656,798
1657,1143
1693,1355
1658,1072
1659,48
1676,1399
1660,1504
2991,1459
1662,446
1664,112
1664,128
1666,60
1667,938
1668,1299
3146,1502
1670,810
1670,1005
1674,534
1675,1504
1678,1474
1679,939
1680,708
1682,1196
1682,1124
2574,1027
1684,647
1685,687
1686,424
1687,959
1688,794
1688,980
1689,41
1691,21
1695,792
1695,1052
1696,852
1700,1249
3324,431
5061,1090
5635,885
4523,126
3188,1138
6646,340
3286,1066
1703,969
1822,41
1706,684
1707,27
718,724
4583,1242
3473,1257
2412,214
5473,1052
5532,303
5565,774
5677,1053
262,1305
1713,1034
5455,1313
4588,961
1856,51
3231,577
2277,1130
2654,1088
5120,308
3853,392
4588,965
2827,659
1818,704
1720,1112
1752,799
1722,391
7088,941
6711,701
2908,1365
4725,874
1726,489
1727,244
1732,1158
3764,696
363,394
2785,253
4468,253
1741,129
4437,773
1744,129
1745,139
1748,921
1753,1392
1755,391
1757,363
1758,1254
1758,1177
1747,171
1760,1235
1760,415
6227,59
6043,1473
5994,552
2120,1223
91,207
7222,288
4313,1150
6249,1523
1766,50
1767,256
4398,666
4404,1400
1771,793
1773,420
1778,1067
1779,1094
3612,439
1784,191
6942,1080
5581,1041
1789,553
691,1502
1792,977
1795,1150
1796,967
1796,1022
1797,19
1800,680
1801,1196
2332,212
6621,724
1803,102
6887,122
1829,1225
1900,1084
4672,1304
2700,740
5373,936
5605,308
1805,843
1806,1078
1810,70
4634,328
5770,105
6032,1153
3836,98
6318,66
1815,767
1816,595
6075,1196
1817,195
4003,163
3806,1127
4024,1159
1819,50
1824,1304
2089,873
1830,504
429,1093
4626,1264
1834,325
1835,990
1835,1045
1837,971
4689,86
3583,492
2482,205
2524,1104
3304,285
2748,915
6973,1002
1840,191
1841,772
2166,613
4549,975
4674,383
1845,941
1846,941
1848,541
1850,1150
1852,936
1853,1272
724,75
1855,524
5913,39
1857,144
4698,927
5409,895
1859,197
3487,208
5294,131
1863,1127
3982,406
1865,1227
1866,234
1866,370
1876,54
1889,920
1867,1152
3375,230
3152,591
6013,1431
2509,244
1872,1459
1873,400
2624,928
5674,951
1874,1112
1877,912
5684,901
6796,331
3270,131
3885,142
6441,1109
5631,1052
2043,1528
1882,419
4731,1418
4417,1046
1883,226
1884,1054
1885,1201
1886,634
4961,1274
2377,1479
3368,950
1892,59
2911,483
6380,1110
1894,1052
1895,1143
1943,1089
5573,1089
1899,958
1899,959
3945,1467
4595,958
4872,231
3514,378
3566,679
1942,249
1995,941
2151,373
3401,250
3277,228
4163,249
1949,921
2006,903
2812,461
3925,57
1901,1080
1903,412
1349,458
2078,406
1906,484
1907,497
1504,219
1908,497
1909,1304
1909,480
1910,1470
1913,304
3183,937
1914,508
1915,339
1915,340
1915,135
4817,764
1917,1229
1919,1504
1919,1152
1921,195
1923,1215
2017,1070
1924,611
1945,589
1925,1080
1986,85
1986,89
2100,317
1928,1205
1931,56
6219,25
1933,1143
1933,1145
1983,1045
1937,396
5917,714
2099,464
5055,41
3623,105
7228,1313
5715,46
1947,376
1947,391
2101,625
1950,1242
2003,504
1951,585
1951,605
1951,1349
1952,1111
3607,259
1956,1052
1959,927
1960,944
1962,1401
4089,1520
1964,627
4055,329
1966,822
1967,448
1968,507
3410,406
2010,132
1971,1001
1972,82
1973,857
1974,1011
1974,1013
1974,1015
1979,41
2568,927
1982,1506
1984,852
1984,665
1988,666
1989,605
2023,1444
2040,1256
1992,1467
1993,1203
2004,121
1994,315
1994,317
1996,1088
1854,1089
2038,1515
5252,1509
1999,1235
2000,117
2002,1046
2005,1264
2007,929
4789,308
2009,1202
3966,622
4956,250
2016,153
5968,997
2018,1180
2202,592
3538,367
2024,1013
2026,1002
2029,340
2032,25
3049,320
2034,10
2555,591
3345,266
161,676
4361,140
3748,819
5962,566
2037,1039
2041,806
6785,8
2046,1005
2046,1019
1780,458
2054,497
2056,300
7239,1058
2059,100
2060,1505
2060,1506
5356,964
2063,1002
2065,80
2067,813
3469,1184
2954,144
2072,179
2073,201
1994,318
4077,513
2257,601
6105,1304
2076,855
2077,1012
2081,1229
2084,970
688,902
2085,103
2088,1242
6246,58
2094,21
2095,308
2096,41
2097,688
2098,320
2102,48
2103,87
2103,85
3029,191
2105,321
3162,53
6743,80
2108,1198
2113,746
2113,1177
2115,126
4757,962
2384,1443
6196,1139
2233,1151
6990,956
2123,948
2124,1007
2126,944
2126,731
2128,1148
2129,809
2130,939
2131,738
2132,423
2133,1007
2134,949
6341,870
2756,676
2189,254
3613,87
2141,906
2145,259
2410,407
6539,1011
2146,433
2821,1075
2147,973
2148,40
2149,1272
4604,990
6473,818
6598,1184
2153,1308
2155,1118
5930,635
2156,222
2360,710
847,864
210,394
2152,1310
2167,167
608,1305
1823,1305
2401,656
1890,175
2444,958
2919,409
3494,56
4007,425
4051,466
4104,819
766,522
5797,931
4947,212
5975,684
5971,1020
6067,466
5970,1217
6608,1187
6803,156
6870,1125
5392,907
7237,434
7267,870
2159,365
2159,391
3742,311
4933,1482
2653,667
2161,743
2161,814
2162,873
2163,774
2163,1055
4035,852
2165,1002
2257,604
2169,230
4739,1397
2303,142
4611,1521
6913,142
6025,501
6290,1055
4369,846
2172,25
2176,195
2178,980
2335,1492
2378,578
4106,1057
7034,975
4701,915
4663,41
2425,1510
2186,1286
2186,1135
2188,249
2784,939
2417,987
2970,1005
6080,1462
3631,103
2193,287
2193,349
2194,1214
5692,964
1602,505
2196,1238
2333,1242
3159,187
2198,191
2221,1304
2199,1163
2168,1213
2203,632
5434,774
4201,1185
6446,307
2204,392
2205,237
2206,166
2157,399
4907,284
2208,686
2210,1003
2212,475
2414,1184
4296,53
3118,475
2230,66
2615,66
2187,20
2441,716
6160,141
2217,269
3609,229
5474,70
2219,160
2219,163
30,983
2226,1322
2227,1371
2227,1381
2440,1463
2230,1168
2230,1170
2231,1288
2273,472
5071,964
2901,552
4487,1379
2368,347
3900,441
5830,1136
2234,1019
2235,14
5376,712
6995,941
2267,559
6061,1011
2236,841
549,505
3189,992
2239,6
2306,1408
4834,702
4830,855
2243,1527
2247,943
2247,1076
2248,103
2249,992
2251,525
2252,857
2253,1183
2254,729
2254,723
4844,752
4947,215
2307,1106
2255,154
2256,1280
217,776
6087,1040
5442,1161
833,398
321,980
6089,983
2262,684
2263,316
2264,161
2264,214
2265,7
5008,283
2268,594
2269,1061
2270,431
2271,1494
1732,1160
2272,720
2272,721
2273,468
4966,547
2276,281
2276,282
2354,781
2278,940
2279,492
2280,998
4395,1296
2282,63
2284,1145
5640,395
2777,328
5060,1281
2287,1432
2342,1489
2344,488
2472,1011
4038,917
3835,1140
6669,1197
2296,509
2297,1003
2305,1357
2299,222
2299,1308
2301,149
2304,853
2334,1477
4217,350
2309,425
4255,1295
6677,372
63,1131
2314,13
2315,46
2317,1245
2318,805
2319,975
2319,978
2942,1161
6222,1034
7212,1163
2322,1286
2324,64
2325,1114
2326,177
2328,1024
2329,1245
2330,1124
2334,1473
2396,873
29,922
2337,414
4022,776
2338,948
2341,1333
2343,625
2345,164
2829,1109
2406,410
5646,672
5711,1274
5969,1274
6205,672
2347,1002
2349,1186
2351,753
2352,103
2353,32
2355,209
6005,956
2358,787
2359,726
2360,706
2360,708
2362,287
2243,1481
2363,1148
2364,1150
2365,831
2366,539
2367,347
2369,1136
2370,1195
2370,1273
810,937
2371,197
2371,200
2372,680
2373,979
2374,267
2284,1146
6595,949
3373,275
2379,1500
2380,873
2381,1420
2383,958
2385,405
2385,1274
3196,645
2388,677
2388,678
6632,808
2390,1014
2392,1424
743,886
2149,1275
2631,1333
2792,662
5416,255
5460,391
2397,137
2397,1166
2398,949
5303,291
2399,741
2402,713
6666,1255
2404,1120
2583,150
2405,939
4716,389
3762,642
6481,642
2232,1228
5690,773
2408,917
2420,756
5157,885
2411,256
2415,1087
3403,1389
6733,1526
2418,206
2419,606
2419,607
2419,608
2420,753
4415,958
2423,1076
5720,1289
2426,711
2428,501
2428,1150
2430,1311
2431,594
2432,933
2443,1414
2435,73
2437,1195
2438,1462
2440,1381
3025,312
3251,932
2445,980
6143,244
3394,1220
2447,571
778,105
2449,283
2450,283
2840,142
6104,41
5670,58
4162,193
5709,962
4190,432
862,398
2458,340
2460,325
2726,359
2463,19
6635,1368
2465,956
5773,927
6906,35
3526,920
2469,469
2470,958
425,37
2478,1092
2479,671
5592,1349
3614,455
4665,1156
5816,1156
2844,1140
2485,637
7192,678
7154,1094
7178,696
7125,665
2488,904
2036,662
2491,139
2495,1184
2978,1143
3107,39
3378,1055
4603,954
6274,1283
3156,289
4756,1042
75,1130
2501,141
2501,101
2503,86
2506,1123
2507,306
2507,308
2510,1109
3267,137
2511,969
2512,590
2514,696
2515,40
2516,941
3131,1133
7161,11
3724,474
7040,155
3562,1227
2532,151
2534,1393
2535,1296
2536,370
2573,1052
3397,1212
3561,1052
4012,958
2590,881
4236,364
2543,1080
2544,54
2545,1381
2546,1089
2584,924
6659,129
2549,1423
4814,64
2553,144
2554,307
2556,1202
2557,1206
6041,949
5302,1311
7021,306
29,923
4044,411
655,105
2560,51
657,167
2565,1220
2565,1299
2566,216
2567,104
2610,1052
5220,562
7199,712
7182,1452
3885,1285
3796,74
2579,675
2581,39
2585,339
2585,340
2586,853
3522,461
2588,341
2589,749
2591,96
2604,320
2593,941
2594,1382
2993,508
6945,274
7198,906
2597,1061
2598,546
2599,66
2600,483
2602,9
2603,1313
2605,1110
2607,175
2611,571
2613,124
3860,1115
6500,987
4862,766
5544,1275
2617,884
2713,949
4279,142
6509,856
5201,908
2621,1397
3322,1438
4816,404
2623,1436
2624,843
2663,334
2721,1322
4592,492
4971,87
2627,1363
2629,393
4962,73
2630,1041
2632,1142
4100,333
5682,968
3299,822
6931,80
6891,1525
2637,320
2638,702
753,1118
2719,1117
2801,1159
2876,967
3633,1056
4688,352
2643,1314
2643,1162
5575,1162
3472,134
6433,144
4576,391
6550,1355
2645,264
2645,275
2645,284
2648,1454
2650,1185
2652,104
6713,603
6394,1131
6560,881
3287,1125
3369,1466
2835,806
3531,144
3737,134
4712,73
4783,19
5011,1331
5950,1150
6182,859
6210,853
4187,1524
7062,175
2657,197
3368,948
5147,1111
5375,892
2660,995
2409,977
4904,1094
2662,743
5356,939
5235,753
2841,642
3659,238
6644,1242
3441,74
4653,329
5171,786
6085,470
2667,749
2668,60
4056,334
2669,1241
2670,157
2670,222
2671,1164
3828,1338
6395,443
2674,255
2670,224
2676,368
2677,565
2679,44
2680,451
2727,767
5593,1021
5227,1425
4784,1012
2916,1022
4562,1311
5368,1510
6187,216
3672,664
4574,654
4907,392
2679,43
2805,43
5292,299
2858,749
2688,274
2689,1149
2690,1071
2692,943
2693,770
2693,771
2693,985
2902,984
2936,147
2694,552
2695,691
2697,1152
2698,214
2699,353
2701,993
5154,502
2704,1138
2705,1058
2706,88
2707,985
2709,1425
2937,666
2709,1117
2710,427
2712,977
2903,1220
3464,937
2719,1272
2720,1304
7134,146
2722,777
2724,1103
2728,817
2729,648
2730,1123
2731,904
2931,950
2733,756
2735,962
6982,21
6947,1112
2736,876
2736,892
6545,312
2739,788
2739,790
2741,851
4320,1222
2743,11
2745,1150
2760,775
5234,1294
3425,284
2749,962
2749,984
2865,748
2750,977
2751,1527
2951,724
2752,212
2752,279
2753,391
2755,980
3302,341
2757,521
3390,524
2762,1147
2764,949
2768,1215
2769,102
1714,942
2774,1311
4464,191
2775,366
2775,364
2948,73
5081,911
7130,391
2781,1403
2933,728
5657,191
4625,184
3901,743
2781,1405
4480,1527
2782,1220
2791,1258
2795,634
2796,1183
2869,800
2799,378
2801,1235
2801,437
5096,511
2804,1258
2806,983
2808,443
2809,1147
2810,252
2811,63
2814,1294
2817,1260
2818,1186
646,260
4466,1225
3485,974
2822,950
2823,308
2075,821
2825,906
2825,836
2826,671
2827,661
2830,1140
2831,939
2833,1241
2835,961
2836,1033
2837,74
2838,271
2873,813
2842,1355
5180,303
2845,170
2845,252
2846,170
4397,1224
2847,375
2848,290
2852,1465
2853,133
2867,669
6779,1064
2857,993
2860,1333
6628,1322
2863,1186
2662,744
2866,1417
2868,1005
2870,996
2871,904
2878,649
2879,1403
2880,1224
2880,664
2881,364
2883,1239
2884,1221
2884,488
4660,1151
2886,975
2888,1127
2891,1052
2892,1012
3690,904
1799,68
2894,910
2896,126
2899,1342
4400,1502
7292,126
220,694
6115,675
6786,694
4382,1314
4946,753
4382,1315
6007,841
2910,1011
2910,1311
2912,688
2913,70
2722,859
2915,1219
2918,654
2920,214
2921,927
2921,794
2922,1027
2924,1008
2925,1186
2926,320
2927,493
2928,207
2928,205
2841,645
2929,941
2929,995
2930,606
2796,1134
2932,853
2934,1150
3116,356
2935,455
2939,1161
2940,712
2941,666
2943,1217
2945,702
2947,691
5121,1017
2952,716
3313,1096
2958,1333
2959,1052
2973,1101
2960,6
2960,8
2960,27
2960,28
2960,29
2960,30
2961,38
5893,394
2963,1244
2963,1101
2966,810
2967,1268
2968,1080
5035,920
4553,46
1586,895
7143,130
5121,943
5254,1302
5474,439
2974,1288
2975,870
2975,670
2976,142
6052,187
5745,1046
3887,938
6618,1066
6051,231
5999,1272
6121,594
6694,1150
2983,219
2984,112
2985,1496
2988,1434
2988,401
4107,341
125,997
4213,819
747,526
3571,490
2990,349
2992,53
2997,265
2999,66
3001,939
3002,152
3004,41
3005,404
3009,1311
5148,1046
3011,48
3011,70
3012,1029
3013,41
718,337
5445,956
6282,645
3016,1072
5823,170
657,1434
3023,787
5310,1112
3028,188
69,42
520,911
3028,191
3884,911
3030,255
3031,1196
691,1503
3933,1150
4849,456
5131,762
6312,424
3033,354
3036,1467
3037,1311
3038,950
3039,1484
3040,306
3042,285
3044,715
6802,1097
3044,713
3045,1041
3047,425
3047,427
3049,302
3050,267
3051,561
3052,412
3053,1061
3054,1249
3055,377
3056,1354
3056,54
3058,446
3181,1090
3929,971
6910,582
3060,68
3070,150
3061,868
6480,729
6482,1080
5090,195
3064,822
3503,519
3066,46
6469,13
3934,1474
5077,154
3339,905
3347,714
3928,452
4027,142
4204,594
5191,1200
5262,284
5326,97
5448,1150
5505,1052
7157,212
3072,1327
3074,410
3075,1327
3076,548
3078,793
3259,1163
3082,1462
3083,1188
3084,1052
3085,996
3086,1274
3202,943
5639,473
3090,1502
3246,912
3757,59
5388,664
4335,927
5766,927
3095,1002
3096,326
3097,774
3100,939
3101,195
3105,378
3109,147
3110,877
3445,1078
3111,50
3112,1293
3112,1215
5228,174
3243,721
3282,329
3316,591
3941,775
3942,819
3114,467
3115,993
5551,77
3118,396
3119,329
3120,1232
3190,168
3851,1320
3888,117
4235,666
3124,1314
3125,985
3126,552
3489,1115
3672,667
3422,1359
3160,925
3137,1034
3138,41
4845,919
3140,275
3141,191
3142,651
3143,895
3144,740
3145,307
3147,274
3148,691
3357,1107
5185,776
4525,687
3417,608
5380,1063
7093,1036
3154,1109
5201,910
6462,1161
3157,53
3161,48
3161,68
3206,969
3779,255
3780,222
5075,49
5161,1524
5334,941
4440,212
3163,684
3164,941
3426,1184
3165,1063
3166,1161
3167,954
3170,325
3172,130
3173,1072
3932,666
3332,492
3169,524
3175,1104
3176,493
3179,1361
3180,1111
3182,915
3077,367
3373,279
6011,715
3186,221
3229,489
5468,373
3462,742
3268,1078
3189,1112
3190,205
3191,1184
3192,1052
3255,334
3440,873
4780,259
5216,274
3198,102
5456,1294
3589,1302
5095,478
5444,859
5486,142
5458,1136
5520,263
5450,1071
5562,666
3540,172
7071,665
3203,312
3204,1520
3305,128
3209,1229
3210,1515
3212,1446
3321,233
3214,666
3215,391
3216,787
3217,1323
7063,393
3222,675
1920,844
3223,1183
3225,1399
3226,1052
3228,689
7244,14
3233,1456
3355,669
3235,374
3237,257
5202,773
3240,714
3241,742
3242,691
3691,130
5650,1078
3245,1467
3247,144
3248,1261
5739,41
3250,634
4571,370
3252,48
3253,948
3565,467
3995,1041
4630,995
3257,1293
3262,986
3331,1400
3265,212
3405,1078
3267,798
3272,1109
5774,1328
5692,1078
3279,507
6640,578
3281,538
3283,246
3284,948
7232,1003
3288,1140
3289,920
3290,340
3291,958
3292,48
3292,68
3293,1276
7214,687
3294,166
3294,231
3295,792
3297,488
5005,1304
6224,399
3361,303
3306,666
3309,1301
3311,1140
3312,1509
3315,931
3317,473
3319,1361
3320,1240
3325,1055
3325,1075
3328,1086
3328,74
3329,392
4325,938
3333,499
3432,730
4763,1198
4422,399
2203,395
3340,903
3341,1197
2093,77
3923,39
3345,265
4704,41
3351,1441
3352,98
3352,100
3358,38
3370,56
3356,638
3367,917
3362,475
3362,726
3364,1129
3366,1104
3419,191
3372,75
6149,633
3377,714
3381,648
3381,678
4245,1149
3385,927
3951,54
3386,1283
3387,191
3388,1272
3389,1196
3391,283
3392,129
3394,424
3398,741
3399,1500
3400,1314
3402,1297
3402,329
3406,665
3407,843
6092,1080
1115,991
7128,664
3409,1196
3410,483
3415,1520
3416,927
5886,349
3421,879
4150,810
5697,1276
3426,1134
4042,787
3427,129
3431,726
3433,74
3436,696
3437,175
3438,205
3439,712
3443,1071
3444,74
3446,1161
3447,1324
3447,702
3448,635
3449,671
3450,380
3451,126
3453,382
3454,1288
4938,1204
4905,555
3458,881
3459,157
3461,716
3463,51
3566,678
5478,41
3465,935
3582,968
4074,850
6783,292
3468,976
3471,794
3471,974
3591,1464
3475,49
7056,86
3477,794
3478,1150
3479,1134
3481,1109
3513,179
3484,172
185,1130
3498,726
6406,1002
3486,478
3488,1164
170,219
313,1425
3491,1302
3492,903
3494,54
7183,61
3972,1129
7082,1200
3496,337
3498,649
6600,518
3499,1108
3500,1143
6893,1349
3577,1523
4791,994
3509,992
3509,1040
3510,104
3511,871
3512,984
537,102
3516,894
3516,830
3518,1205
3520,51
3523,1057
3523,43
3525,1106
3555,41
3529,130
4226,949
4421,527
3533,1032
4144,740
6869,776
3537,128
3794,1528
3539,54
5208,994
3541,904
3543,545
4741,255
2068,997
3549,74
4343,1032
3551,1010
3552,695
3553,1455
3553,1404
137,1312
4310,1348
3587,1333
3556,144
3556,153
3557,18
5512,289
3559,299
4038,1124
6903,210
3569,364
7159,774
3572,317
3574,144
3576,1437
3579,1078
3581,1063
3583,415
3585,1346
3585,1370
3586,921
3586,830
3586,849
3586,850
4680,299
3590,980
5549,1196
3593,1133
3596,1217
3596,1219
3597,147
3600,156
3028,189
3600,158
3601,440
3603,59
3605,1008
3606,231
2882,710
6386,88
4142,958
3616,1219
4909,666
4931,566
5258,170
5411,320
6090,732
6806,56
3619,352
3878,1104
3624,950
3625,774
3627,427
3628,1401
4586,166
3632,775
3635,664
3636,938
3637,986
3638,948
3638,1003
3639,382
3640,259
3641,818
3642,726
3643,954
3646,853
3648,1047
3649,155
3649,1047
3651,1034
3669,142
3652,14
3654,152
6887,175
3656,611
3658,254
3660,1058
3662,376
3663,770
6207,401
3664,983
3715,843
3667,1355
3668,1309
3670,191
3671,990
3674,69
3675,1517
5868,1303
3677,179
3678,666
3679,1071
3680,589
3681,197
3682,800
3683,1200
3712,980
3684,38
3685,1143
3719,606
3705,289
3689,1285
3694,575
3695,885
3695,1075
3696,943
3698,193
3698,262
3700,86
3701,311
3702,1186
3728,980
3708,971
3710,1127
3711,19
3713,678
3716,1063
3717,1078
5879,1150
3718,1110
7037,144
3722,789
3726,324
3727,724
5195,536
3750,339
3775,1456
4537,1485
3732,122
4271,1140
6279,1150
4522,1437
3733,441
3734,428
3735,976
3736,142
3737,339
3738,44
3739,205
3739,377
3740,980
3799,792
3799,795
3744,402
3783,308
3745,433
3766,664
3749,943
3789,904
4777,375
6927,1094
4499,1173
3753,767
3754,726
4588,14
3756,35
3758,892
6718,152
5105,986
3765,44
3767,983
3769,1423
3772,856
3774,117
3776,50
3780,224
3781,361
3782,930
3784,1106
3785,130
3787,149
3798,488
3800,509
3800,1142
3801,967
3802,1466
3814,1437
3803,1455
3805,670
3807,714
3808,980
3808,1032
3812,9
3815,1041
3817,136
3821,73
3822,1382
3824,439
3825,906
634,955
3831,691
3837,320
3838,187
3839,1398
3840,257
7114,1183
3841,73
5293,1139
3843,402
3844,1292
5742,1188
6439,986
4521,673
4033,17
5557,879
3848,1197
3852,714
3854,82
3854,525
3855,185
3855,187
6557,806
3863,273
3864,441
3865,1375
3866,191
3868,366
3870,507
3872,1047
3876,182
3877,1141
3879,1444
6299,25
3882,994
3883,230
2854,699
5019,370
5159,426
6632,506
5307,1003
3889,952
3890,654
3892,540
3895,1311
3895,45
1926,907
4481,404
3897,1150
3899,580
3912,399
3904,1274
3907,964
1226,476
3118,476
3910,740
3917,376
3919,1117
695,48
3920,210
3922,1046
3924,925
3926,1150
3962,164
3930,527
3916,942
3935,104
3943,130
3944,141
3946,45
3947,1162
3948,899
3949,386
3950,632
3952,143
3953,917
3954,945
3955,1494
3956,1227
3970,1405
3957,1052
3958,41
3964,1193
3964,1474
3966,61
3967,396
3968,197
3969,725
3990,666
3971,1234
3987,666
3973,1122
3975,709
3976,349
3977,920
3979,702
3981,1062
3982,404
3984,164
3985,41
3988,433
46,201
3989,961
3921,1143
3991,635
5446,861
5526,291
3993,75
3996,80
3999,211
6020,1263
4580,742
5301,592
6094,1349
6351,959
4161,630
4152,254
4770,691
4109,41
5084,1149
5381,670
6554,101
6610,632
4016,7
1470,120
6952,983
7194,1062
811,1374
5653,1374
4004,214
5173,944
4006,308
4007,426
692,667
6553,212
4010,792
4013,23
4014,191
4015,117
4017,276
4018,958
4631,1125
4021,1468
4023,991
4025,1460
4025,1114
4028,1152
4030,884
4711,1199
6023,986
4044,490
4086,1143
4046,441
4047,1101
4062,39
5467,1147
2469,468
5679,1029
5626,468
6107,190
4828,1300
4087,635
4054,1300
4055,330
4057,404
4045,357
4059,809
4059,812
1241,895
4060,1064
4063,1298
5457,1063
4066,146
4070,1520
4071,324
4071,323
4674,386
4072,341
4073,1224
48,903
4108,380
4079,349
6611,1333
4097,853
4568,151
6284,391
4081,1527
4083,1032
4091,257
4094,41
4094,748
4098,748
4102,96
4103,1214
4105,1510
6198,790
4110,831
4112,265
4113,1219
4114,320
135,680
4119,680
4121,524
4122,687
4125,774
6662,1286
4126,1041
4128,702
4127,980
4129,1242
4130,1163
4133,144
4137,899
4138,1293
4139,1474
4142,957
4178,139
4214,796
4721,1059
4146,1052
4228,952
4148,908
4148,1101
4149,1019
4151,46
4154,467
4155,360
4156,1116
4159,1140
4160,376
4160,391
5036,1308
2356,278
6564,943
4167,9
4168,524
4170,575
4171,755
4172,1086
4173,448
4173,524
4174,1052
4176,1058
4177,1210
4220,1041
5130,71
6483,179
4181,302
4185,435
4186,698
4193,1160
3010,118
4194,962
4189,464
4193,1157
4195,194
5142,68
4198,410
4199,428
4202,382
4206,234
4231,212
4207,1489
4211,7
4211,129
4211,131
4212,1136
4213,822
4213,823
4215,1216
6056,1450
4218,1029
4221,424
4223,1011
4225,465
4230,320
4232,1428
4237,702
4242,1061
4276,1338
4246,391
4249,1147
4250,1519
4252,1040
3853,394
4258,590
4260,510
4262,1122
4979,716
4269,38
4270,1184
4258,324
4277,1357
4279,99
4280,1224
4307,741
2143,372
4290,969
4291,190
4247,191
4392,939
5386,1148
5918,689
4293,349
4294,1219
6746,1520
5054,956
2971,756
4298,1312
4299,1400
4300,961
4306,729
4309,1280
4309,1283
4311,162
4312,1148
2792,691
4314,819
4317,194
4318,625
4322,1141
4324,946
4334,1496
4325,995
6864,1489
4330,1513
4541,547
5902,1164
4340,106
4342,1052
6544,1155
6658,1043
4341,978
4347,1181
4350,60
4351,194
4352,60
4354,512
4353,1150
2140,907
4370,705
4359,1513
4360,1110
1083,573
4362,142
7246,455
6048,1461
4365,143
4366,986
4367,1052
4369,1464
4381,1506
5749,1070
4472,337
4391,154
5271,1525
7068,956
4387,456
4393,1134
4506,667
4394,906
6798,66
4399,511
4500,714
4403,396
4406,1392
4407,771
4408,943
4409,277
4410,794
4411,1063
4413,1032
4415,959
4423,876
4425,833
4426,151
4427,222
4428,786
4430,949
4433,1073
4436,191
4450,965
4443,828
4456,899
4444,1003
4445,146
4471,450
4446,1370
6566,1410
4450,961
6998,776
4451,920
1746,394
4457,151
4490,408
4458,748
4459,375
4460,770
4461,1464
4463,666
4467,191
4469,1518
4469,1173
4470,1413
4473,1392
4475,1390
4476,793
4477,1515
4479,714
4482,433
4485,422
4489,213
4489,214
4498,1173
4501,554
4503,703
4504,193
4505,461
4391,158
5089,391
7221,1040
4509,1061
4512,154
4535,1440
4544,666
4516,593
5232,1184
4517,1052
4519,1399
4520,144
4526,1405
537,1055
3769,1055
4528,1357
4529,1103
48,906
4530,1379
4531,1452
5225,25
4536,311
6019,951
6045,475
4540,347
4542,954
4543,1313
4545,426
4546,513
4547,326
4548,1500
4550,940
4552,58
5178,350
1855,523
7108,948
5096,1281
4554,141
5906,954
4555,752
4556,116
4594,837
4557,1349
5667,232
4564,254
6515,443
4569,1349
491,972
5182,117
5332,128
5984,221
4577,1078
4582,402
4587,876
4675,664
5647,664
4589,779
4589,839
4591,1454
4592,426
4593,962
4593,1076
4596,649
4597,1109
4600,1105
4821,798
4605,329
4605,136
4607,1071
4608,764
4609,502
1970,219
4613,1398
4614,714
3796,73
4645,461
4616,1047
4617,994
4621,995
4622,117
4727,774
5502,1260
5945,1173
4627,1467
4673,1432
4629,697
4632,1205
4633,691
4645,1235
4635,796
4636,1399
4638,373
4641,1278
4642,1066
4643,822
4644,993
4647,339
4649,174
4650,1500
4655,770
4656,334
4658,195
4659,502
4662,968
4664,1180
4665,1159
4666,948
4667,150
4667,153
4669,1141
4670,749
4671,1361
6964,1221
4678,654
4681,1148
4683,263
4683,265
4684,324
5578,44
6627,318
4625,186
4687,1492
4688,335
4688,679
4688,356
4689,59
4689,1159
4690,1397
4690,1398
4695,927
4696,1009
285,941
4702,1011
4702,1492
4707,1004
4708,1076
4709,850
4713,1413
4714,415
4723,121
4724,121
4726,391
4729,50
1295,1304
6540,915
4734,638
4736,291
4737,158
4738,664
7257,980
4744,325
4746,396
5311,956
7141,552
4750,425
4754,1527
4758,487
4761,654
5364,664
873,870
7261,102
7061,478
4768,41
4769,41
4771,698
4774,1052
4778,1164
4779,949
6077,1061
4781,884
531,416
4788,650
4818,404
6932,492
7150,780
4792,439
4796,655
4802,1502
4797,1400
3869,765
4800,151
4798,1208
4801,157
4801,221
4803,933
4804,939
4806,617
4807,953
4808,235
4809,707
4810,649
4811,349
7031,206
4813,441
4833,606
4814,67
4815,395
4819,691
6251,1058
4827,19
4831,603
6656,144
4835,144
4836,41
5450,1280
4915,66
4848,146
4850,1355
4852,139
4875,945
4859,1181
4860,559
4861,1335
4865,970
5608,391
4870,777
4873,1140
4874,1425
4876,1147
4878,1040
5330,214
5157,886
3778,1025
5161,1520
5774,718
6461,1046
4880,71
4882,804
4883,619
4884,48
4885,841
4886,39
4888,867
4844,753
4844,731
4968,180
4889,448
4892,260
4897,939
4898,325
6857,764
4900,117
4902,1475
4903,311
4908,600
4912,508
4914,1052
4916,1
4980,1371
4920,374
6724,1523
4923,448
4924,1403
4926,1457
4927,724
4930,1314
4936,980
2209,784
6055,422
6587,680
4937,142
5492,1359
5778,375
4942,233
4942,234
4943,1004
4944,729
4945,109
4946,755
4948,750
4954,1150
4955,689
797,132
2984,114
4959,678
4964,843
4967,669
4969,80
4972,1492
4078,395
4973,774
4983,1384
4983,1386
5279,1361
1838,1163
1998,468
2539,1455
713,1401
741,754
5774,994
4552,949
4335,1086
2075,1401
5737,1103
4992,1064
4993,142
4994,1185
4995,60
4996,142
4999,978
5000,142
2529,524
5003,1083
5095,477
1143,486
5006,1315
5007,508
5014,743
5015,1272
5016,165
5020,211
5020,231
5107,1345
5021,190
5022,691
5023,1162
5024,1392
5028,754
5030,1280
5029,1052
5031,142
5033,130
5034,321
5037,1509
5039,1441
5040,1229
5041,40
5043,320
5044,712
5153,1348
5049,391
5052,1442
5053,651
5056,561
5057,116
5058,1002
5060,1039
6683,255
5061,1031
5062,457
5065,255
5317,927
5068,1272
5070,831
5071,738
5126,350
5072,939
5073,1022
5074,994
5078,1366
5079,1083
5080,941
859,1284
7103,669
5083,903
5083,104
5085,41
5085,151
5316,1342
5872,917
5089,376
5091,25
5093,1336
2765,514
5098,1028
5100,356
5289,1105
5103,339
5104,40
5105,1042
5313,295
5106,268
5357,640
5313,293
5109,1164
6548,170
5113,1116
5116,274
5117,391
5118,391
5119,1184
5561,665
5123,306
5123,307
5124,155
5125,1452
5125,1400
5126,349
5163,667
5127,1225
5132,1052
5202,776
5136,956
5137,391
5140,952
5366,197
5363,728
5146,524
5149,395
5149,396
5150,1088
5051,1443
5184,948
5471,321
5152,1012
5154,39
5158,189
5353,994
5162,284
4324,947
5164,1527
5165,985
5168,1291
5168,1080
5169,520
5170,86
5171,785
5171,117
5175,644
5200,410
5176,391
5176,265
5177,23
5179,810
5181,1454
5182,144
5188,884
5189,284
5190,391
5192,1504
5194,155
5197,873
5198,1052
5273,326
6132,774
6555,74
5688,960
5205,141
5205,48
5206,1409
6369,867
5210,493
5211,191
5212,1201
5214,993
5321,1364
5218,406
5219,915
5221,515
5222,1106
5223,137
5226,649
5229,382
5230,895
5233,1066
5238,1159
5242,943
5244,128
5246,520
5247,1110
5248,1054
5251,228
5253,1261
5254,1304
5382,702
5352,478
5257,985
5267,1370
5259,936
5260,1240
5354,749
5261,842
6454,352
5263,1333
5265,948
5266,939
5364,667
5269,31
5272,1140
5273,341
5276,96
5277,754
5278,1301
5280,179
5281,60
5281,1184
5282,191
5283,253
5288,191
6004,1063
5362,99
5285,1455
5286,1054
5287,679
5287,714
5289,1104
5290,1515
5292,297
5183,972
664,212
5293,1138
5294,144
5295,707
5296,1461
6532,25
6755,134
5300,599
4929,395
5304,450
5307,1111
5308,363
5308,364
5309,1197
5311,1012
5312,948
5314,86
5315,1041
5318,1417
5319,1359
5320,855
5322,980
5325,144
5327,939
5328,895
5328,897
5331,878
5333,927
5335,1066
5336,41
5337,1008
5798,25
6403,1190
5339,191
5340,670
5340,1061
5341,1078
5343,894
5348,130
5349,606
5350,292
5350,137
5351,1359
5353,941
5355,1104
5358,968
2216,1184
5360,334
5361,1019
5369,666
5374,994
5379,1338
5383,1041
5384,364
7218,1288
5387,1125
5389,324
5391,903
5392,906
5537,231
5394,1500
5397,903
5408,39
5405,1034
5406,441
5449,1086
7115,1419
5410,924
5410,926
5412,755
5421,1391
5414,1366
5415,187
5417,70
5418,147
5419,44
5420,766
5422,964
5423,391
5424,1224
5425,451
5426,1033
5427,86
5465,52
5428,1117
5430,23
182,1402
5431,870
5432,1335
5433,1164
5434,773
5497,393
5438,1040
5438,1044
5439,352
5440,54
5442,1165
5443,38
5461,664
5447,1032
5452,944
5453,545
5515,1135
5458,1135
5459,102
5493,86
5463,1240
5464,146
5465,49
5468,375
5553,669
6915,950
5470,994
5472,1007
5475,511
5476,144
5477,255
5479,1046
5482,800
5550,725
5483,115
5484,819
5489,193
5490,131
7120,380
5494,1034
5554,994
5495,306
5496,861
5498,853
5499,904
6451,958
5501,566
5503,234
5504,1500
5507,95
5508,1509
5510,1022
5511,488
5512,287
5540,920
5513,341
5515,1304
5516,1441
5517,1224
6132,773
5524,1321
5527,798
5527,802
5528,306
5529,1052
5531,1127
5533,1069
5534,250
5535,958
5536,678
5538,1054
5539,940
5541,927
5543,956
5544,1274
5545,575
5546,1219
5552,1193
5556,321
5865,1226
5559,337
5561,664
5563,1071
5564,63
5566,988
5567,1052
5571,1041
2678,1056
5572,1099
5576,1069
5582,41
5628,1279
5583,38
5585,1188
5587,1465
5588,559
5590,994
5594,966
5597,943
5624,1265
5603,1150
5604,232
4982,140
5607,590
5607,327
5610,944
5610,998
5611,752
5637,179
5614,1101
5615,825
5616,1220
5616,1221
5618,281
70,444
6395,444
6665,1037
5630,802
4897,942
5625,255
5627,199
5628,1201
5629,243
5631,504
5632,983
5634,194
788,477
5638,1241
5638,1163
5642,545
5642,549
5643,1226
5644,1002
5645,912
5646,669
5648,1053
5649,729
5652,949
5654,212
5664,1304
5656,670
5660,1125
5661,637
5662,1359
5668,46
2641,310
5671,1022
5671,483
6653,49
5676,1195
5678,142
5680,941
5681,772
5686,426
5689,980
5691,1399
5691,1416
6349,1220
5694,1515
5695,191
5696,904
5698,1150
5920,736
5766,145
5701,49
5703,393
5704,894
5726,774
5725,1399
5725,1400
5727,427
5728,666
5729,986
5731,39
6866,377
6974,1150
5734,1040
5750,1291
5752,1123
5753,924
5754,779
5755,655
6491,1240
5757,847
5759,848
5760,27
5760,28
5760,29
5760,30
5760,1052
5764,826
5765,1014
5766,144
5771,750
40,362
5774,1334
5777,1523
5780,69
5782,1197
5783,1181
5787,1145
5788,1406
5789,1184
5791,721
5792,1293
5793,142
5795,261
5796,1304
5806,1215
5810,1106
5815,499
5817,949
5819,313
5822,1515
5796,41
5826,1079
5828,996
5832,949
5833,98
5835,297
5835,299
5838,1396
5840,1014
6615,1080
5844,1123
5845,257
5855,1196
5857,637
5859,409
5861,551
5862,909
5862,933
2827,662
5863,952
5864,806
5864,995
5866,382
5866,665
5867,115
5869,1242
5873,1041
5877,133
5878,205
5881,1191
5882,14
5882,873
5884,1094
5885,349
5885,879
5888,306
5889,255
5890,349
2185,116
6934,51
5903,1304
5910,850
5916,181
5916,191
5924,76
5926,1285
5928,1034
5929,1156
5934,763
5939,405
5941,938
5945,1414
5946,393
5949,1392
5953,51
5956,968
5958,191
5964,1137
5966,975
6161,996
5971,983
5971,1019
5974,1399
5979,1399
5981,504
5981,126
5982,1381
5983,986
6025,505
5985,175
5986,390
5989,473
5990,938
5990,994
5990,995
5990,996
5990,1147
5991,478
6074,1150
5993,440
6046,1010
5996,238
5998,390
6000,213
546,1006
2486,453
6006,471
6009,1032
6010,854
83,1073
6016,673
6014,941
6015,1227
6015,1098
6016,675
6017,82
6018,473
6021,983
6024,1225
6066,1240
6076,1240
6026,212
6027,1019
6037,439
6029,432
6031,469
6033,428
6034,1248
6035,950
6036,985
6078,1078
6038,260
6039,1357
6082,689
6044,993
6046,1007
6047,191
6049,487
6050,1007
6064,399
6053,1387
1226,475
6054,202
6055,424
6057,364
6811,983
6064,395
6065,1162
6068,1235
6069,938
6071,684
6072,1148
6073,666
6079,603
6081,1412
6088,470
6120,796
7285,25
6097,903
6099,773
6135,714
6101,1149
6102,59
6103,821
6106,984
6108,714
6109,1046
6116,1399
6118,121
6124,673
6126,1457
6129,1124
6131,133
6145,715
6136,1169
6136,1174
3274,89
6139,687
6140,810
6141,917
6144,666
6145,712
6158,1264
6159,1264
6162,1112
7225,348
6165,46
6169,39
6169,40
6256,665
6171,402
1813,227
6174,1392
6176,88
2001,937
6178,187
6179,462
6184,234
6185,901
6188,1071
6191,1034
6193,971
6194,504
6228,696
3902,731
7223,310
6197,526
6198,791
628,911
6203,1050
4574,657
4590,219
6206,917
6208,714
6211,128
355,192
6215,1250
6218,798
5573,892
6226,772
433,692
6228,698
6232,473
6234,19
6238,687
5804,928
6248,1078
6254,629
6232,476
6258,80
6259,871
6260,142
6262,1032
6263,205
6265,1086
6266,556
6266,623
1214,502
2545,1383
6268,1468
6269,871
6317,404
6270,478
6272,254
6273,208
6275,179
6277,1161
6278,1019
6278,1055
6280,1111
6283,1224
6285,750
6286,880
6287,944
6289,75
6292,255
6294,483
6295,1214
6298,50
6300,990
6301,153
6303,1509
6304,1406
6305,101
6306,151
6308,69
6309,48
6310,1127
6311,1103
6314,1274
6316,276
6319,843
6320,1406
6321,850
6322,691
6323,382
6324,666
6326,441
6326,442
6327,1034
6330,1159
6331,39
6332,740
6334,306
6356,493
6335,404
6335,1142
6336,1104
6338,480
6339,552
6340,1461
6340,1425
6342,773
6344,342
6350,534
6355,656
6357,242
6362,502
6363,904
6364,1103
6368,153
6371,647
6374,217
6376,1052
6377,358
6377,275
6378,665
6379,986
6383,1301
6384,51
6385,195
7142,146
7147,53
4045,620
6556,698
6651,1200
6391,732
6392,40
6393,679
6393,680
6474,437
6407,156
6396,275
4078,52
7258,378
7263,50
6400,1272
6400,1274
6401,1252
6404,535
6405,626
6407,222
6408,368
6409,530
6410,49
6412,219
6416,1003
6417,165
6422,935
6424,815
6425,469
6426,589
6427,1304
6428,819
6602,411
6432,255
6434,216
6434,219
6436,433
6436,507
6438,516
6438,1150
6440,473
6442,191
6443,212
6444,277
6411,49
6448,1143
6449,356
6450,484
6452,35
6455,860
6459,1031
6460,1054
6460,1063
6580,709
6464,59
6464,437
6465,648
6466,1359
6467,38
6468,68
6470,445
6471,87
6472,1496
6478,501
6479,897
6602,408
6484,104
6485,443
6485,521
6486,944
6495,302
6488,719
6489,1022
6490,64
6493,983
6493,984
6494,23
2442,486
5277,739
5665,1218
6496,1220
6497,750
6498,665
6499,497
6500,983
6582,187
6503,822
6504,1007
6505,243
6506,990
6508,1
6511,1399
6512,1143
6998,516
6513,181
6514,483
6522,714
6524,634
6525,418
6526,1061
6527,933
6528,316
6529,806
6531,457
6533,1115
6534,461
6535,1185
6536,1019
6537,625
6542,1500
6543,1137
6938,853
6546,6
6547,311
6549,696
6617,126
6552,753
6556,696
6558,1265
6559,1509
6562,41
6563,603
6565,557
6567,1109
6569,21
6570,349
6571,425
6571,426
6572,19
6573,826
6574,1007
6575,487
6576,299
6577,80
6581,1382
6584,284
6585,1007
6585,1009
6586,575
6588,647
6589,465
6590,483
6590,1081
6591,424
6592,980
6593,285
6594,805
6596,376
6597,988
6599,654
6602,1219
6603,179
6604,41
6607,205
6612,730
6614,713
6616,637
6619,603
3464,1042
6624,1152
5404,1233
6626,1201
6630,49
6197,527
6633,813
6648,642
6634,895
6637,948
6637,950
6639,340
6641,884
1336,628
279,901
6648,644
6652,48
6654,25
6654,48
6655,929
6657,134
2673,232
6660,1039
6662,454
6668,811
6670,475
6672,651
6674,104
6679,1425
6680,433
1461,287
370,773
2143,234
644,255
5775,1326
6683,177
6683,275
6687,1521
6689,736
6691,191
6692,1058
6695,451
6700,1406
7187,1150
6704,255
6708,698
6712,128
6715,1521
6719,853
6719,130
6727,1053
6728,71
6876,1046
6729,924
6732,1179
6734,1011
4048,304
6737,43
6739,915
6741,992
6744,983
6745,726
6748,787
6748,915
45,219
1304,1296
3490,132
6753,142
1858,1433
6992,41
6761,356
6763,1115
400,735
6766,244
6773,691
6775,294
6776,294
6778,69
6787,1026
6790,971
6790,675
3965,938
6797,329
6797,508
6801,968
6804,396
6805,493
6808,11
6812,1357
6813,983
6815,425
6816,770
6817,179
6818,1012
6819,396
6820,948
6825,153
6826,976
6827,1061
6832,1076
6834,1026
6837,870
6839,1101
6841,994
6842,876
6845,164
6851,1076
6853,820
6874,712
6863,1171
6867,296
6871,1359
2424,163
6875,603
6878,1124
6879,197
6880,986
6881,59
6885,197
6887,1502
600,398
6888,1302
6892,547
6894,144
6895,990
6895,55
37,71
7136,1142
6902,884
6907,652
718,904
6907,752
6920,1118
6909,211
6909,215
867,216
6912,992
6914,930
6892,550
6917,517
6918,899
6919,1086
6920,1185
6921,1055
6923,698
6924,1509
6925,350
6928,967
6929,1485
6936,570
6936,571
6939,799
6941,393
6943,291
5392,903
6975,696
6980,724
6945,383
62,471
6951,618
6953,1385
6955,478
6956,393
6959,1502
6960,260
6965,1179
6966,822
6967,941
6968,994
6972,1403
6994,1066
6977,1406
6979,1274
6981,349
6983,1434
6984,266
6985,1455
6986,909
6987,1515
6996,1324
6988,1071
6989,1197
1022,289
2998,1305
7005,899
6999,15
7001,1078
7002,427
7003,835
7011,707
7009,819
7010,1001
7012,455
7014,501
7015,206
7016,845
7217,664
7018,197
7019,856
7020,1335
7023,1399
7024,1094
7026,426
7026,504
32,1487
7027,1046
7028,975
7029,1141
7032,684
7035,1203
7036,753
7036,666
7043,1101
7045,121
7046,674
7048,1224
7046,121
7050,1101
7110,200
7055,369
7057,157
7059,796
7060,593
7064,962
7065,34
7066,994
7067,130
7069,792
7070,917
7073,1399
7074,994
7093,1033
7075,1026
7075,1143
7076,1068
7081,856
7085,1406
7086,593
7087,502
7089,193
7090,1394
7181,948
7092,920
7095,393
7097,234
7098,1302
7099,785
7100,474
7101,59
7105,651
7106,340
7107,511
7111,1171
7112,80
7113,1099
7116,1274
7117,794
7119,1111
7121,901
7122,843
7123,1274
7123,1123
7126,941
7129,436
7135,980
7140,391
7147,57
7156,144
7145,1224
7149,34
7169,333
7150,777
7165,856
7168,763
7170,1033
7175,1438
7184,938
7189,1500
7191,1515
7200,1324
7205,1474
7209,940
7210,197
7210,238
7211,991
7211,1051
7213,324
7215,994
7220,1040
292,667
5303,287
7222,291
7224,924
3394,422
7227,895
39,1065
162,166
2638,701
7240,1040
7236,87
7238,38
7241,1027
7242,664
7245,1436
7247,1149
7248,391
7249,392
7250,321
7250,340
7251,147
7252,1206
7253,552
7255,562
2337,416
7256,255
7259,1041
7262,969
7264,1052
7266,1034
7269,941
7270,938
1679,940
7272,1217
7273,172
7274,1399
7275,985
7281,143
7276,511
7278,824
7279,603
7282,1406
7284,142
2980,905
7289,766
7291,991
7291,1033
5139,1452
7293,144
